<?xml version="1.0" encoding="utf-8"?>
<!-- edited with XMLSPY v2004 rel. 2 U (http://www.xmlspy.com) by Ed Beach (Firaxis Games) -->
<GameData>
	<BaseGameText>
		<!--America-->
		<Row Tag="LOC_CITIZEN_AMERICA_MALE_1">
			<Text>Absalom</Text>
		</Row>
		<Row Tag="LOC_CITIZEN_AMERICA_MALE_2">
			<Text>Archibald</Text>
		</Row>
		<Row Tag="LOC_CITIZEN_AMERICA_MALE_3">
			<Text>Ephraim</Text>
		</Row>
		<Row Tag="LOC_CITIZEN_AMERICA_MALE_4">
			<Text>Isaiah</Text>
		</Row>
		<Row Tag="LOC_CITIZEN_AMERICA_MALE_5">
			<Text>Jedidiah</Text>
		</Row>
		<Row Tag="LOC_CITIZEN_AMERICA_MALE_6">
			<Text>Jethro</Text>
		</Row>
		<Row Tag="LOC_CITIZEN_AMERICA_MALE_7">
			<Text>Obadiah</Text>
		</Row>
		<Row Tag="LOC_CITIZEN_AMERICA_MALE_8">
			<Text>Phineas</Text>
		</Row>
		<Row Tag="LOC_CITIZEN_AMERICA_MALE_9">
			<Text>Rufford</Text>
		</Row>
		<Row Tag="LOC_CITIZEN_AMERICA_MALE_10">
			<Text>Thaddeus</Text>
		</Row>
		<Row Tag="LOC_CITIZEN_AMERICA_FEMALE_1">
			<Text>Abigail</Text>
		</Row>
		<Row Tag="LOC_CITIZEN_AMERICA_FEMALE_2">
			<Text>Amber</Text>
		</Row>
		<Row Tag="LOC_CITIZEN_AMERICA_FEMALE_3">
			<Text>Charity</Text>
		</Row>
		<Row Tag="LOC_CITIZEN_AMERICA_FEMALE_4">
			<Text>Eleanor</Text>
		</Row>
		<Row Tag="LOC_CITIZEN_AMERICA_FEMALE_5">
			<Text>Grace</Text>
		</Row>
		<Row Tag="LOC_CITIZEN_AMERICA_FEMALE_6">
			<Text>Patience</Text>
		</Row>
		<Row Tag="LOC_CITIZEN_AMERICA_FEMALE_7">
			<Text>Penelope</Text>
		</Row>
		<Row Tag="LOC_CITIZEN_AMERICA_FEMALE_8">
			<Text>Sarah</Text>
		</Row>
		<Row Tag="LOC_CITIZEN_AMERICA_FEMALE_9">
			<Text>Temperance</Text>
		</Row>
		<Row Tag="LOC_CITIZEN_AMERICA_FEMALE_10">
			<Text>Virginia</Text>
		</Row>
		<Row Tag="LOC_CITIZEN_AMERICA_MODERN_MALE_1">
			<Text>Benjamin</Text>
		</Row>
		<Row Tag="LOC_CITIZEN_AMERICA_MODERN_MALE_2">
			<Text>Dennis</Text>
		</Row>
		<Row Tag="LOC_CITIZEN_AMERICA_MODERN_MALE_3">
			<Text>Forrest</Text>
		</Row>
		<Row Tag="LOC_CITIZEN_AMERICA_MODERN_MALE_4">
			<Text>Frank</Text>
		</Row>
		<Row Tag="LOC_CITIZEN_AMERICA_MODERN_MALE_5">
			<Text>Harlan</Text>
		</Row>
		<Row Tag="LOC_CITIZEN_AMERICA_MODERN_MALE_6">
			<Text>Max</Text>
		</Row>
		<Row Tag="LOC_CITIZEN_AMERICA_MODERN_MALE_7">
			<Text>Paul</Text>
		</Row>
		<Row Tag="LOC_CITIZEN_AMERICA_MODERN_MALE_8">
			<Text>Ryan</Text>
		</Row>
		<Row Tag="LOC_CITIZEN_AMERICA_MODERN_MALE_9">
			<Text>Thomas</Text>
		</Row>
		<Row Tag="LOC_CITIZEN_AMERICA_MODERN_MALE_10">
			<Text>Wilbur</Text>
		</Row>
		<Row Tag="LOC_CITIZEN_AMERICA_MODERN_FEMALE_1">
			<Text>Abby</Text>
		</Row>
		<Row Tag="LOC_CITIZEN_AMERICA_MODERN_FEMALE_2">
			<Text>Alice</Text>
		</Row>
		<Row Tag="LOC_CITIZEN_AMERICA_MODERN_FEMALE_3">
			<Text>Dorothy</Text>
		</Row>
		<Row Tag="LOC_CITIZEN_AMERICA_MODERN_FEMALE_4">
			<Text>Ginger</Text>
		</Row>
		<Row Tag="LOC_CITIZEN_AMERICA_MODERN_FEMALE_5">
			<Text>Kelly</Text>
		</Row>
		<Row Tag="LOC_CITIZEN_AMERICA_MODERN_FEMALE_6">
			<Text>Lana</Text>
		</Row>
		<Row Tag="LOC_CITIZEN_AMERICA_MODERN_FEMALE_7">
			<Text>Nancy</Text>
		</Row>
		<Row Tag="LOC_CITIZEN_AMERICA_MODERN_FEMALE_8">
			<Text>Pamela</Text>
		</Row>
		<Row Tag="LOC_CITIZEN_AMERICA_MODERN_FEMALE_9">
			<Text>Tracy</Text>
		</Row>
		<Row Tag="LOC_CITIZEN_AMERICA_MODERN_FEMALE_10">
			<Text>Velma</Text>
		</Row>
		<!-- Arabia -->
		<Row Tag="LOC_CITIZEN_ARABIA_MALE_1">
			<Text>Abdullah</Text>
		</Row>
		<Row Tag="LOC_CITIZEN_ARABIA_MALE_2">
			<Text>Abubakr</Text>
		</Row>
		<Row Tag="LOC_CITIZEN_ARABIA_MALE_3">
			<Text>Barrani</Text>
		</Row>
		<Row Tag="LOC_CITIZEN_ARABIA_MALE_4">
			<Text>Dammar</Text>
		</Row>
		<Row Tag="LOC_CITIZEN_ARABIA_MALE_5">
			<Text>El-marees</Text>
		</Row>
		<Row Tag="LOC_CITIZEN_ARABIA_MALE_6">
			<Text>Faisal</Text>
		</Row>
		<Row Tag="LOC_CITIZEN_ARABIA_MALE_7">
			<Text>Jafar</Text>
		</Row>
		<Row Tag="LOC_CITIZEN_ARABIA_MALE_8">
			<Text>Kasim</Text>
		</Row>
		<Row Tag="LOC_CITIZEN_ARABIA_MALE_9">
			<Text>Rabbani</Text>
		</Row>
		<Row Tag="LOC_CITIZEN_ARABIA_MALE_10">
			<Text>Siraj</Text>
		</Row>
		<Row Tag="LOC_CITIZEN_ARABIA_FEMALE_1">
			<Text>Aaleyah</Text>
		</Row>
		<Row Tag="LOC_CITIZEN_ARABIA_FEMALE_2">
			<Text>Amatullah</Text>
		</Row>
		<Row Tag="LOC_CITIZEN_ARABIA_FEMALE_3">
			<Text>Azizah</Text>
		</Row>
		<Row Tag="LOC_CITIZEN_ARABIA_FEMALE_4">
			<Text>Bashima</Text>
		</Row>
		<Row Tag="LOC_CITIZEN_ARABIA_FEMALE_5">
			<Text>Damis</Text>
		</Row>
		<Row Tag="LOC_CITIZEN_ARABIA_FEMALE_6">
			<Text>Fatimah</Text>
		</Row>
		<Row Tag="LOC_CITIZEN_ARABIA_FEMALE_7">
			<Text>Habibah</Text>
		</Row>
		<Row Tag="LOC_CITIZEN_ARABIA_FEMALE_8">
			<Text>Izdihar</Text>
		</Row>
		<Row Tag="LOC_CITIZEN_ARABIA_FEMALE_9">
			<Text>Mawiyah</Text>
		</Row>
		<Row Tag="LOC_CITIZEN_ARABIA_FEMALE_10">
			<Text>Rihana</Text>
		</Row>
		<Row Tag="LOC_CITIZEN_ARABIA_MODERN_MALE_1">
			<Text>Abd-al-Bari</Text>
		</Row>
		<Row Tag="LOC_CITIZEN_ARABIA_MODERN_MALE_2">
			<Text>Arif</Text>
		</Row>
		<Row Tag="LOC_CITIZEN_ARABIA_MODERN_MALE_3">
			<Text>Diya-al-Din</Text>
		</Row>
		<Row Tag="LOC_CITIZEN_ARABIA_MODERN_MALE_4">
			<Text>Gadi</Text>
		</Row>
		<Row Tag="LOC_CITIZEN_ARABIA_MODERN_MALE_5">
			<Text>Hakim</Text>
		</Row>
		<Row Tag="LOC_CITIZEN_ARABIA_MODERN_MALE_6">
			<Text>Hassan</Text>
		</Row>
		<Row Tag="LOC_CITIZEN_ARABIA_MODERN_MALE_7">
			<Text>Musad</Text>
		</Row>
		<Row Tag="LOC_CITIZEN_ARABIA_MODERN_MALE_8">
			<Text>Nadir</Text>
		</Row>
		<Row Tag="LOC_CITIZEN_ARABIA_MODERN_MALE_9">
			<Text>Qssim</Text>
		</Row>
		<Row Tag="LOC_CITIZEN_ARABIA_MODERN_MALE_10">
			<Text>Tarik</Text>
		</Row>
		<Row Tag="LOC_CITIZEN_ARABIA_MODERN_FEMALE_1">
			<Text>Cantara</Text>
		</Row>
		<Row Tag="LOC_CITIZEN_ARABIA_MODERN_FEMALE_2">
			<Text>Jamilah</Text>
		</Row>
		<Row Tag="LOC_CITIZEN_ARABIA_MODERN_FEMALE_3">
			<Text>Khalidah</Text>
		</Row>
		<Row Tag="LOC_CITIZEN_ARABIA_MODERN_FEMALE_4">
			<Text>Leilah</Text>
		</Row>
		<Row Tag="LOC_CITIZEN_ARABIA_MODERN_FEMALE_5">
			<Text>Nada</Text>
		</Row>
		<Row Tag="LOC_CITIZEN_ARABIA_MODERN_FEMALE_6">
			<Text>Qitarah</Text>
		</Row>
		<Row Tag="LOC_CITIZEN_ARABIA_MODERN_FEMALE_7">
			<Text>Shakira</Text>
		</Row>
		<Row Tag="LOC_CITIZEN_ARABIA_MODERN_FEMALE_8">
			<Text>Widad</Text>
		</Row>
		<Row Tag="LOC_CITIZEN_ARABIA_MODERN_FEMALE_9">
			<Text>Yasmin</Text>
		</Row>
		<Row Tag="LOC_CITIZEN_ARABIA_MODERN_FEMALE_10">
			<Text>Zia</Text>
		</Row>    
		<!-- Brazil -->
		<Row Tag="LOC_CITIZEN_BRAZIL_MALE_1">
			<Text>Adao</Text>
		</Row>
		<Row Tag="LOC_CITIZEN_BRAZIL_MALE_2">
			<Text>Augusto</Text>
		</Row>
		<Row Tag="LOC_CITIZEN_BRAZIL_MALE_3">
			<Text>Casimiro</Text>
		</Row>
		<Row Tag="LOC_CITIZEN_BRAZIL_MALE_4">
			<Text>Emilio</Text>
		</Row>
		<Row Tag="LOC_CITIZEN_BRAZIL_MALE_5">
			<Text>Gilberto</Text>
		</Row>
		<Row Tag="LOC_CITIZEN_BRAZIL_MALE_6">
			<Text>Henriques</Text>
		</Row>
		<Row Tag="LOC_CITIZEN_BRAZIL_MALE_7">
			<Text>Jorge</Text>
		</Row>
		<Row Tag="LOC_CITIZEN_BRAZIL_MALE_8">
			<Text>Miguel</Text>
		</Row>
		<Row Tag="LOC_CITIZEN_BRAZIL_MALE_9">
			<Text>Renato</Text>
		</Row>
		<Row Tag="LOC_CITIZEN_BRAZIL_MALE_10">
			<Text>Sergio</Text>
		</Row>
		<Row Tag="LOC_CITIZEN_BRAZIL_FEMALE_1">
			<Text>Benedita</Text>
		</Row>
		<Row Tag="LOC_CITIZEN_BRAZIL_FEMALE_2">
			<Text>Carlota</Text>
		</Row>
		<Row Tag="LOC_CITIZEN_BRAZIL_FEMALE_3">
			<Text>Elivra</Text>
		</Row>
		<Row Tag="LOC_CITIZEN_BRAZIL_FEMALE_4">
			<Text>Filomena</Text>
		</Row>
		<Row Tag="LOC_CITIZEN_BRAZIL_FEMALE_5">
			<Text>Gracinha</Text>
		</Row>
		<Row Tag="LOC_CITIZEN_BRAZIL_FEMALE_6">
			<Text>Inez</Text>
		</Row>
		<Row Tag="LOC_CITIZEN_BRAZIL_FEMALE_7">
			<Text>Magdalena</Text>
		</Row>
		<Row Tag="LOC_CITIZEN_BRAZIL_FEMALE_8">
			<Text>Ofélia</Text>
		</Row>
		<Row Tag="LOC_CITIZEN_BRAZIL_FEMALE_9">
			<Text>Safira</Text>
		</Row>
		<Row Tag="LOC_CITIZEN_BRAZIL_FEMALE_10">
			<Text>Valéria</Text>
		</Row>
		<Row Tag="LOC_CITIZEN_BRAZIL_MODERN_MALE_1">
			<Text>Bento</Text>
		</Row>
		<Row Tag="LOC_CITIZEN_BRAZIL_MODERN_MALE_2">
			<Text>Cézar</Text>
		</Row>
		<Row Tag="LOC_CITIZEN_BRAZIL_MODERN_MALE_3">
			<Text>Donato</Text>
		</Row>
		<Row Tag="LOC_CITIZEN_BRAZIL_MODERN_MALE_4">
			<Text>Félix</Text>
		</Row>
		<Row Tag="LOC_CITIZEN_BRAZIL_MODERN_MALE_5">
			<Text>Guilherme</Text>
		</Row>
		<Row Tag="LOC_CITIZEN_BRAZIL_MODERN_MALE_6">
			<Text>Leandro</Text>
		</Row>
		<Row Tag="LOC_CITIZEN_BRAZIL_MODERN_MALE_7">
			<Text>Nico</Text>
		</Row>
		<Row Tag="LOC_CITIZEN_BRAZIL_MODERN_MALE_8">
			<Text>Paulo</Text>
		</Row>
		<Row Tag="LOC_CITIZEN_BRAZIL_MODERN_MALE_9">
			<Text>Túlio</Text>
		</Row>
		<Row Tag="LOC_CITIZEN_BRAZIL_MODERN_MALE_10">
			<Text>Xavier</Text>
		</Row>
		<Row Tag="LOC_CITIZEN_BRAZIL_MODERN_FEMALE_1">
			<Text>Beatriz</Text>
		</Row>
		<Row Tag="LOC_CITIZEN_BRAZIL_MODERN_FEMALE_2">
			<Text>Clara</Text>
		</Row>
		<Row Tag="LOC_CITIZEN_BRAZIL_MODERN_FEMALE_3">
			<Text>Gabriela</Text>
		</Row>
		<Row Tag="LOC_CITIZEN_BRAZIL_MODERN_FEMALE_4">
			<Text>Lorena</Text>
		</Row>
		<Row Tag="LOC_CITIZEN_BRAZIL_MODERN_FEMALE_5">
			<Text>Luiza</Text>
		</Row>
		<Row Tag="LOC_CITIZEN_BRAZIL_MODERN_FEMALE_6">
			<Text>Fernanda</Text>
		</Row>
		<Row Tag="LOC_CITIZEN_BRAZIL_MODERN_FEMALE_7">
			<Text>Nuria</Text>
		</Row>
		<Row Tag="LOC_CITIZEN_BRAZIL_MODERN_FEMALE_8">
			<Text>Rafaela</Text>
		</Row>
		<Row Tag="LOC_CITIZEN_BRAZIL_MODERN_FEMALE_9">
			<Text>Talita</Text>
		</Row>
		<Row Tag="LOC_CITIZEN_BRAZIL_MODERN_FEMALE_10">
			<Text>Tereza</Text>
		</Row>
		<!-- China-->
		<Row Tag="LOC_CITIZEN_CHINA_MALE_1">
			<Text>Chen</Text>
		</Row>
		<Row Tag="LOC_CITIZEN_CHINA_MALE_2">
			<Text>Fai</Text>
		</Row>
		<Row Tag="LOC_CITIZEN_CHINA_MALE_3">
			<Text>Kong</Text>
		</Row>
		<Row Tag="LOC_CITIZEN_CHINA_MALE_4">
			<Text>Kuan-yin</Text>
		</Row>
		<Row Tag="LOC_CITIZEN_CHINA_MALE_5">
			<Text>Lei</Text>
		</Row>
		<Row Tag="LOC_CITIZEN_CHINA_MALE_6">
			<Text>Long</Text>
		</Row>
		<Row Tag="LOC_CITIZEN_CHINA_MALE_7">
			<Text>Shaiming</Text>
		</Row>
		<Row Tag="LOC_CITIZEN_CHINA_MALE_8">
			<Text>Shen</Text>
		</Row>
		<Row Tag="LOC_CITIZEN_CHINA_MALE_9">
			<Text>Shing</Text>
		</Row>
		<Row Tag="LOC_CITIZEN_CHINA_MALE_10">
			<Text>Sying</Text>
		</Row>
		<Row Tag="LOC_CITIZEN_CHINA_FEMALE_1">
			<Text>Chan-juan</Text>
		</Row>
		<Row Tag="LOC_CITIZEN_CHINA_FEMALE_2">
			<Text>Chang</Text>
		</Row>
		<Row Tag="LOC_CITIZEN_CHINA_FEMALE_3">
			<Text>Fang-yin</Text>
		</Row>
		<Row Tag="LOC_CITIZEN_CHINA_FEMALE_4">
			<Text>Huan-Yue</Text>
		</Row>
		<Row Tag="LOC_CITIZEN_CHINA_FEMALE_5">
			<Text>Jiang-li</Text>
		</Row>
		<Row Tag="LOC_CITIZEN_CHINA_FEMALE_6">
			<Text>Li-mei</Text>
		</Row>
		<Row Tag="LOC_CITIZEN_CHINA_FEMALE_7">
			<Text>Ming-ue</Text>
		</Row>
		<Row Tag="LOC_CITIZEN_CHINA_FEMALE_8">
			<Text>Qing-yuan</Text>
		</Row>
		<Row Tag="LOC_CITIZEN_CHINA_FEMALE_9">
			<Text>Shuang</Text>
		</Row>
		<Row Tag="LOC_CITIZEN_CHINA_FEMALE_10">
			<Text>Xin-qian</Text>
		</Row>
		<Row Tag="LOC_CITIZEN_CHINA_MODERN_MALE_1">
			<Text>Bingwen</Text>
		</Row>
		<Row Tag="LOC_CITIZEN_CHINA_MODERN_MALE_2">
			<Text>Changpu</Text>
		</Row>
		<Row Tag="LOC_CITIZEN_CHINA_MODERN_MALE_3">
			<Text>Dingxiang</Text>
		</Row>
		<Row Tag="LOC_CITIZEN_CHINA_MODERN_MALE_4">
			<Text>Guiren</Text>
		</Row>
		<Row Tag="LOC_CITIZEN_CHINA_MODERN_MALE_5">
			<Text>Huizhong</Text>
		</Row>
		<Row Tag="LOC_CITIZEN_CHINA_MODERN_MALE_6">
			<Text>Longwei</Text>
		</Row>
		<Row Tag="LOC_CITIZEN_CHINA_MODERN_MALE_7">
			<Text>Shanyuan</Text>
		</Row>
		<Row Tag="LOC_CITIZEN_CHINA_MODERN_MALE_8">
			<Text>Tingfeng</Text>
		</Row>
		<Row Tag="LOC_CITIZEN_CHINA_MODERN_MALE_9">
			<Text>Yanlin</Text>
		</Row>
		<Row Tag="LOC_CITIZEN_CHINA_MODERN_MALE_10">
			<Text>Zedong</Text>
		</Row>
		<Row Tag="LOC_CITIZEN_CHINA_MODERN_FEMALE_1">
			<Text>Changying</Text>
		</Row>
		<Row Tag="LOC_CITIZEN_CHINA_MODERN_FEMALE_2">
			<Text>Daxia</Text>
		</Row>
		<Row Tag="LOC_CITIZEN_CHINA_MODERN_FEMALE_3">
			<Text>Dongmei</Text>
		</Row>
		<Row Tag="LOC_CITIZEN_CHINA_MODERN_FEMALE_4">
			<Text>Liling</Text>
		</Row>
		<Row Tag="LOC_CITIZEN_CHINA_MODERN_FEMALE_5">
			<Text>Meifeng</Text>
		</Row>
		<Row Tag="LOC_CITIZEN_CHINA_MODERN_FEMALE_6">
			<Text>Mingxia</Text>
		</Row>
		<Row Tag="LOC_CITIZEN_CHINA_MODERN_FEMALE_7">
			<Text>Mingzhu</Text>
		</Row>
		<Row Tag="LOC_CITIZEN_CHINA_MODERN_FEMALE_8">
			<Text>Qiaolian</Text>
		</Row>
		<Row Tag="LOC_CITIZEN_CHINA_MODERN_FEMALE_9">
			<Text>Xingjuan</Text>
		</Row>
		<Row Tag="LOC_CITIZEN_CHINA_MODERN_FEMALE_10">
			<Text>ZhenZhen</Text>
		</Row>
		<!-- Egypt-->
		<Row Tag="LOC_CITIZEN_EGYPT_MALE_1">
			<Text>Ahmes</Text>
		</Row>
		<Row Tag="LOC_CITIZEN_EGYPT_MALE_2">
			<Text>Apis</Text>
		</Row>
		<Row Tag="LOC_CITIZEN_EGYPT_MALE_3">
			<Text>Benipe</Text>
		</Row>
		<Row Tag="LOC_CITIZEN_EGYPT_MALE_4">
			<Text>Canopus</Text>
		</Row>
		<Row Tag="LOC_CITIZEN_EGYPT_MALE_5">
			<Text>Kames</Text>
		</Row>
		<Row Tag="LOC_CITIZEN_EGYPT_MALE_6">
			<Text>Kanebti</Text>
		</Row>
		<Row Tag="LOC_CITIZEN_EGYPT_MALE_7">
			<Text>Nahab</Text>
		</Row>
		<Row Tag="LOC_CITIZEN_EGYPT_MALE_8">
			<Text>Pasupti</Text>
		</Row>
		<Row Tag="LOC_CITIZEN_EGYPT_MALE_9">
			<Text>Rimes</Text>
		</Row>
		<Row Tag="LOC_CITIZEN_EGYPT_MALE_10">
			<Text>Seker</Text>
		</Row>
		<Row Tag="LOC_CITIZEN_EGYPT_FEMALE_1">
			<Text>Amaunet</Text>
		</Row>
		<Row Tag="LOC_CITIZEN_EGYPT_FEMALE_2">
			<Text>Berenice</Text>
		</Row>
		<Row Tag="LOC_CITIZEN_EGYPT_FEMALE_3">
			<Text>Hasina</Text>
		</Row>
		<Row Tag="LOC_CITIZEN_EGYPT_FEMALE_4">
			<Text>Hatasu</Text>
		</Row>
		<Row Tag="LOC_CITIZEN_EGYPT_FEMALE_5">
			<Text>Heqet</Text>
		</Row>
		<Row Tag="LOC_CITIZEN_EGYPT_FEMALE_6">
			<Text>Hotep</Text>
		</Row>
		<Row Tag="LOC_CITIZEN_EGYPT_FEMALE_7">
			<Text>Layla</Text>
		</Row>
		<Row Tag="LOC_CITIZEN_EGYPT_FEMALE_8">
			<Text>Merit</Text>
		</Row>
		<Row Tag="LOC_CITIZEN_EGYPT_FEMALE_9">
			<Text>Nanu</Text>
		</Row>
		<Row Tag="LOC_CITIZEN_EGYPT_FEMALE_10">
			<Text>Titi</Text>
		</Row>
		<Row Tag="LOC_CITIZEN_EGYPT_MODERN_MALE_1">
			<Text>Abubakar</Text>
		</Row>
		<Row Tag="LOC_CITIZEN_EGYPT_MODERN_MALE_2">
			<Text>Amsu</Text>
		</Row>
		<Row Tag="LOC_CITIZEN_EGYPT_MODERN_MALE_3">
			<Text>Chibale</Text>
		</Row>
		<Row Tag="LOC_CITIZEN_EGYPT_MODERN_MALE_4">
			<Text>Gahiji</Text>
		</Row>
		<Row Tag="LOC_CITIZEN_EGYPT_MODERN_MALE_5">
			<Text>Hamadi</Text>
		</Row>
		<Row Tag="LOC_CITIZEN_EGYPT_MODERN_MALE_6">
			<Text>Husani</Text>
		</Row>
		<Row Tag="LOC_CITIZEN_EGYPT_MODERN_MALE_7">
			<Text>Okpara</Text>
		</Row>
		<Row Tag="LOC_CITIZEN_EGYPT_MODERN_MALE_8">
			<Text>Rashidi</Text>
		</Row>
		<Row Tag="LOC_CITIZEN_EGYPT_MODERN_MALE_9">
			<Text>Tut</Text>
		</Row>
		<Row Tag="LOC_CITIZEN_EGYPT_MODERN_MALE_10">
			<Text>Zuberi</Text>
		</Row>
		<Row Tag="LOC_CITIZEN_EGYPT_MODERN_FEMALE_1">
			<Text>Aziza</Text>
		</Row>
		<Row Tag="LOC_CITIZEN_EGYPT_MODERN_FEMALE_2">
			<Text>Bahiti</Text>
		</Row>
		<Row Tag="LOC_CITIZEN_EGYPT_MODERN_FEMALE_3">
			<Text>Dendera</Text>
		</Row>
		<Row Tag="LOC_CITIZEN_EGYPT_MODERN_FEMALE_4">
			<Text>Femi</Text>
		</Row>
		<Row Tag="LOC_CITIZEN_EGYPT_MODERN_FEMALE_5">
			<Text>Hehet</Text>
		</Row>
		<Row Tag="LOC_CITIZEN_EGYPT_MODERN_FEMALE_6">
			<Text>Kamilah</Text>
		</Row>
		<Row Tag="LOC_CITIZEN_EGYPT_MODERN_FEMALE_7">
			<Text>Nakia</Text>
		</Row>
		<Row Tag="LOC_CITIZEN_EGYPT_MODERN_FEMALE_8">
			<Text>Qibilah</Text>
		</Row>
		<Row Tag="LOC_CITIZEN_EGYPT_MODERN_FEMALE_9">
			<Text>Sanura</Text>
		</Row>
		<Row Tag="LOC_CITIZEN_EGYPT_MODERN_FEMALE_10">
			<Text>Urbi</Text>
		</Row>
		<!-- England-->
		<Row Tag="LOC_CITIZEN_ENGLAND_MALE_1">
			<Text>Aelfraed</Text>
		</Row>
		<Row Tag="LOC_CITIZEN_ENGLAND_MALE_2">
			<Text>Cyneric</Text>
		</Row>
		<Row Tag="LOC_CITIZEN_ENGLAND_MALE_3">
			<Text>Deorwine</Text>
		</Row>
		<Row Tag="LOC_CITIZEN_ENGLAND_MALE_4">
			<Text>Ecgberht</Text>
		</Row>
		<Row Tag="LOC_CITIZEN_ENGLAND_MALE_5">
			<Text>Hrodulf</Text>
		</Row>
		<Row Tag="LOC_CITIZEN_ENGLAND_MALE_6">
			<Text>Osgar</Text>
		</Row>
		<Row Tag="LOC_CITIZEN_ENGLAND_MALE_7">
			<Text>Sigeberht</Text>
		</Row>
		<Row Tag="LOC_CITIZEN_ENGLAND_MALE_8">
			<Text>Swidhun</Text>
		</Row>
		<Row Tag="LOC_CITIZEN_ENGLAND_MALE_9">
			<Text>Wigstan</Text>
		</Row>
		<Row Tag="LOC_CITIZEN_ENGLAND_MALE_10">
			<Text>Wulfric</Text>
		</Row>
		<Row Tag="LOC_CITIZEN_ENGLAND_FEMALE_1">
			<Text>Aelfthryth</Text>
		</Row>
		<Row Tag="LOC_CITIZEN_ENGLAND_FEMALE_2">
			<Text>Cyneburga</Text>
		</Row>
		<Row Tag="LOC_CITIZEN_ENGLAND_FEMALE_3">
			<Text>Eadgyd</Text>
		</Row>
		<Row Tag="LOC_CITIZEN_ENGLAND_FEMALE_4">
			<Text>Frideswide</Text>
		</Row>
		<Row Tag="LOC_CITIZEN_ENGLAND_FEMALE_5">
			<Text>Godgifu</Text>
		</Row>
		<Row Tag="LOC_CITIZEN_ENGLAND_FEMALE_6">
			<Text>Hildraed</Text>
		</Row>
		<Row Tag="LOC_CITIZEN_ENGLAND_FEMALE_7">
			<Text>Leofflaed</Text>
		</Row>
		<Row Tag="LOC_CITIZEN_ENGLAND_FEMALE_8">
			<Text>Mildgyd</Text>
		</Row>
		<Row Tag="LOC_CITIZEN_ENGLAND_FEMALE_9">
			<Text>Sunngifu</Text>
		</Row>
		<Row Tag="LOC_CITIZEN_ENGLAND_FEMALE_10">
			<Text>Wilburh</Text>
		</Row>
		<Row Tag="LOC_CITIZEN_ENGLAND_MODERN_MALE_1">
			<Text>Aidan</Text>
		</Row>
		<Row Tag="LOC_CITIZEN_ENGLAND_MODERN_MALE_2">
			<Text>Byrne</Text>
		</Row>
		<Row Tag="LOC_CITIZEN_ENGLAND_MODERN_MALE_3">
			<Text>Daulton</Text>
		</Row>
		<Row Tag="LOC_CITIZEN_ENGLAND_MODERN_MALE_4">
			<Text>Emory</Text>
		</Row>
		<Row Tag="LOC_CITIZEN_ENGLAND_MODERN_MALE_5">
			<Text>Garrett</Text>
		</Row>
		<Row Tag="LOC_CITIZEN_ENGLAND_MODERN_MALE_6">
			<Text>Kendal</Text>
		</Row>
		<Row Tag="LOC_CITIZEN_ENGLAND_MODERN_MALE_7">
			<Text>Montgomery</Text>
		</Row>
		<Row Tag="LOC_CITIZEN_ENGLAND_MODERN_MALE_8">
			<Text>Radcliff</Text>
		</Row>
		<Row Tag="LOC_CITIZEN_ENGLAND_MODERN_MALE_9">
			<Text>Sheldon</Text>
		</Row>
		<Row Tag="LOC_CITIZEN_ENGLAND_MODERN_MALE_10">
			<Text>Thurmond</Text>
		</Row>
		<Row Tag="LOC_CITIZEN_ENGLAND_MODERN_FEMALE_1">
			<Text>Alice</Text>
		</Row>
		<Row Tag="LOC_CITIZEN_ENGLAND_MODERN_FEMALE_2">
			<Text>Brittaney</Text>
		</Row>
		<Row Tag="LOC_CITIZEN_ENGLAND_MODERN_FEMALE_3">
			<Text>Carleigh</Text>
		</Row>
		<Row Tag="LOC_CITIZEN_ENGLAND_MODERN_FEMALE_4">
			<Text>Florence</Text>
		</Row>
		<Row Tag="LOC_CITIZEN_ENGLAND_MODERN_FEMALE_5">
			<Text>Haylie</Text>
		</Row>
		<Row Tag="LOC_CITIZEN_ENGLAND_MODERN_FEMALE_6">
			<Text>Lyndsay</Text>
		</Row>
		<Row Tag="LOC_CITIZEN_ENGLAND_MODERN_FEMALE_7">
			<Text>Millicent</Text>
		</Row>
		<Row Tag="LOC_CITIZEN_ENGLAND_MODERN_FEMALE_8">
			<Text>Robynn</Text>
		</Row>
		<Row Tag="LOC_CITIZEN_ENGLAND_MODERN_FEMALE_9">
			<Text>Sidney</Text>
		</Row>
		<Row Tag="LOC_CITIZEN_ENGLAND_MODERN_FEMALE_10">
			<Text>Whitney</Text>
		</Row>
		<!--France-->
		<Row Tag="LOC_CITIZEN_FRANCE_MALE_1">
			<Text>Alban</Text>
		</Row>
		<Row Tag="LOC_CITIZEN_FRANCE_MALE_2">
			<Text>Benoit</Text>
		</Row>
		<Row Tag="LOC_CITIZEN_FRANCE_MALE_3">
			<Text>Christophe</Text>
		</Row>
		<Row Tag="LOC_CITIZEN_FRANCE_MALE_4">
			<Text>Corentin</Text>
		</Row>
		<Row Tag="LOC_CITIZEN_FRANCE_MALE_5">
			<Text>Déodat</Text>
		</Row>
		<Row Tag="LOC_CITIZEN_FRANCE_MALE_6">
			<Text>Émeric</Text>
		</Row>
		<Row Tag="LOC_CITIZEN_FRANCE_MALE_7">
			<Text>Judicael</Text>
		</Row>
		<Row Tag="LOC_CITIZEN_FRANCE_MALE_8">
			<Text>Laurent</Text>
		</Row>
		<Row Tag="LOC_CITIZEN_FRANCE_MALE_9">
			<Text>Renaud</Text>
		</Row>
		<Row Tag="LOC_CITIZEN_FRANCE_MALE_10">
			<Text>Yves</Text>
		</Row>
		<Row Tag="LOC_CITIZEN_FRANCE_FEMALE_1">
			<Text>Aalis</Text>
		</Row>
		<Row Tag="LOC_CITIZEN_FRANCE_FEMALE_2">
			<Text>Adélaide</Text>
		</Row>
		<Row Tag="LOC_CITIZEN_FRANCE_FEMALE_3">
			<Text>Blanche</Text>
		</Row>
		<Row Tag="LOC_CITIZEN_FRANCE_FEMALE_4">
			<Text>Céleste</Text>
		</Row>
		<Row Tag="LOC_CITIZEN_FRANCE_FEMALE_5">
			<Text>Daphné</Text>
		</Row>
		<Row Tag="LOC_CITIZEN_FRANCE_FEMALE_6">
			<Text>Élise</Text>
		</Row>
		<Row Tag="LOC_CITIZEN_FRANCE_FEMALE_7">
			<Text>Geneviève</Text>
		</Row>
		<Row Tag="LOC_CITIZEN_FRANCE_FEMALE_8">
			<Text>Jocelyne</Text>
		</Row>
		<Row Tag="LOC_CITIZEN_FRANCE_FEMALE_9">
			<Text>Solange</Text>
		</Row>
		<Row Tag="LOC_CITIZEN_FRANCE_FEMALE_10">
			<Text>Tiphaine</Text>
		</Row>
		<Row Tag="LOC_CITIZEN_FRANCE_FEMALE_11">
			<Text>Charlotte</Text>
		</Row>
		<Row Tag="LOC_CITIZEN_FRANCE_FEMALE_12">
			<Text>Isabelle</Text>
		</Row>
		<Row Tag="LOC_CITIZEN_FRANCE_MODERN_MALE_1">
			<Text>Antoine</Text>
		</Row>
		<Row Tag="LOC_CITIZEN_FRANCE_MODERN_MALE_2">
			<Text>Armand</Text>
		</Row>
		<Row Tag="LOC_CITIZEN_FRANCE_MODERN_MALE_3">
			<Text>Claude</Text>
		</Row>
		<Row Tag="LOC_CITIZEN_FRANCE_MODERN_MALE_4">
			<Text>Dacey</Text>
		</Row>
		<Row Tag="LOC_CITIZEN_FRANCE_MODERN_MALE_5">
			<Text>Jerome</Text>
		</Row>
		<Row Tag="LOC_CITIZEN_FRANCE_MODERN_MALE_6">
			<Text>Marcel</Text>
		</Row>
		<Row Tag="LOC_CITIZEN_FRANCE_MODERN_MALE_7">
			<Text>Orvil</Text>
		</Row>
		<Row Tag="LOC_CITIZEN_FRANCE_MODERN_MALE_8">
			<Text>Percival</Text>
		</Row>
		<Row Tag="LOC_CITIZEN_FRANCE_MODERN_MALE_9">
			<Text>Tristan</Text>
		</Row>
		<Row Tag="LOC_CITIZEN_FRANCE_MODERN_MALE_10">
			<Text>Verne</Text>
		</Row>
		<Row Tag="LOC_CITIZEN_FRANCE_MODERN_FEMALE_1">
			<Text>Babette</Text>
		</Row>
		<Row Tag="LOC_CITIZEN_FRANCE_MODERN_FEMALE_2">
			<Text>Delphine</Text>
		</Row>
		<Row Tag="LOC_CITIZEN_FRANCE_MODERN_FEMALE_3">
			<Text>Gabrielle</Text>
		</Row>
		<Row Tag="LOC_CITIZEN_FRANCE_MODERN_FEMALE_4">
			<Text>Honoré</Text>
		</Row>
		<Row Tag="LOC_CITIZEN_FRANCE_MODERN_FEMALE_5">
			<Text>Linette</Text>
		</Row>
		<Row Tag="LOC_CITIZEN_FRANCE_MODERN_FEMALE_6">
			<Text>Noelle</Text>
		</Row>
		<Row Tag="LOC_CITIZEN_FRANCE_MODERN_FEMALE_7">
			<Text>Odette</Text>
		</Row>
		<Row Tag="LOC_CITIZEN_FRANCE_MODERN_FEMALE_8">
			<Text>Renée</Text>
		</Row>
		<Row Tag="LOC_CITIZEN_FRANCE_MODERN_FEMALE_9">
			<Text>Severin</Text>
		</Row>
		<Row Tag="LOC_CITIZEN_FRANCE_MODERN_FEMALE_10">
			<Text>Yevette</Text>
		</Row>
		<!--Germany-->
		<Row Tag="LOC_CITIZEN_GERMANY_MALE_1">
			<Text>Abelard</Text>
		</Row>
		<Row Tag="LOC_CITIZEN_GERMANY_MALE_2">
			<Text>Giomar</Text>
		</Row>
		<Row Tag="LOC_CITIZEN_GERMANY_MALE_3">
			<Text>Hunfried</Text>
		</Row>
		<Row Tag="LOC_CITIZEN_GERMANY_MALE_4">
			<Text>Konrad</Text>
		</Row>
		<Row Tag="LOC_CITIZEN_GERMANY_MALE_5">
			<Text>Odbart</Text>
		</Row>
		<Row Tag="LOC_CITIZEN_GERMANY_MALE_6">
			<Text>Rupert</Text>
		</Row>
		<Row Tag="LOC_CITIZEN_GERMANY_MALE_7">
			<Text>Tibalt</Text>
		</Row>
		<Row Tag="LOC_CITIZEN_GERMANY_MALE_8">
			<Text>Vermados</Text>
		</Row>
		<Row Tag="LOC_CITIZEN_GERMANY_MALE_9">
			<Text>Wilhelm</Text>
		</Row>
		<Row Tag="LOC_CITIZEN_GERMANY_MALE_10">
			<Text>Wolfric</Text>
		</Row>
		<Row Tag="LOC_CITIZEN_GERMANY_FEMALE_1">
			<Text>Binga</Text>
		</Row>
		<Row Tag="LOC_CITIZEN_GERMANY_FEMALE_2">
			<Text>Herta</Text>
		</Row>
		<Row Tag="LOC_CITIZEN_GERMANY_FEMALE_3">
			<Text>Johanna</Text>
		</Row>
		<Row Tag="LOC_CITIZEN_GERMANY_FEMALE_4">
			<Text>Lorelei</Text>
		</Row>
		<Row Tag="LOC_CITIZEN_GERMANY_FEMALE_5">
			<Text>Porsche</Text>
		</Row>
		<Row Tag="LOC_CITIZEN_GERMANY_FEMALE_6">
			<Text>Ruomhildi</Text>
		</Row>
		<Row Tag="LOC_CITIZEN_GERMANY_FEMALE_7">
			<Text>Sigfriede</Text>
		</Row>
		<Row Tag="LOC_CITIZEN_GERMANY_FEMALE_8">
			<Text>Trude</Text>
		</Row>
		<Row Tag="LOC_CITIZEN_GERMANY_FEMALE_9">
			<Text>Winifred</Text>
		</Row>
		<Row Tag="LOC_CITIZEN_GERMANY_FEMALE_10">
			<Text>Yseult</Text>
		</Row>
		<Row Tag="LOC_CITIZEN_GERMANY_MODERN_MALE_1">
			<Text>Dieter</Text>
		</Row>
		<Row Tag="LOC_CITIZEN_GERMANY_MODERN_MALE_2">
			<Text>Egon</Text>
		</Row>
		<Row Tag="LOC_CITIZEN_GERMANY_MODERN_MALE_3">
			<Text>Ernst</Text>
		</Row>
		<Row Tag="LOC_CITIZEN_GERMANY_MODERN_MALE_4">
			<Text>Falken</Text>
		</Row>
		<Row Tag="LOC_CITIZEN_GERMANY_MODERN_MALE_5">
			<Text>Hanz</Text>
		</Row>
		<Row Tag="LOC_CITIZEN_GERMANY_MODERN_MALE_6">
			<Text>Jurgen</Text>
		</Row>
		<Row Tag="LOC_CITIZEN_GERMANY_MODERN_MALE_7">
			<Text>Kiefer</Text>
		</Row>
		<Row Tag="LOC_CITIZEN_GERMANY_MODERN_MALE_8">
			<Text>Klaus</Text>
		</Row>
		<Row Tag="LOC_CITIZEN_GERMANY_MODERN_MALE_9">
			<Text>Maximilian</Text>
		</Row>
		<Row Tag="LOC_CITIZEN_GERMANY_MODERN_MALE_10">
			<Text>Ulrich</Text>
		</Row>
		<Row Tag="LOC_CITIZEN_GERMANY_MODERN_FEMALE_1">
			<Text>Dagmar</Text>
		</Row>
		<Row Tag="LOC_CITIZEN_GERMANY_MODERN_FEMALE_2">
			<Text>Etta</Text>
		</Row>
		<Row Tag="LOC_CITIZEN_GERMANY_MODERN_FEMALE_3">
			<Text>Frieda</Text>
		</Row>
		<Row Tag="LOC_CITIZEN_GERMANY_MODERN_FEMALE_4">
			<Text>Gretchen</Text>
		</Row>
		<Row Tag="LOC_CITIZEN_GERMANY_MODERN_FEMALE_5">
			<Text>Heidi</Text>
		</Row>
		<Row Tag="LOC_CITIZEN_GERMANY_MODERN_FEMALE_6">
			<Text>Isolde</Text>
		</Row>
		<Row Tag="LOC_CITIZEN_GERMANY_MODERN_FEMALE_7">
			<Text>Nixie</Text>
		</Row>
		<Row Tag="LOC_CITIZEN_GERMANY_MODERN_FEMALE_8">
			<Text>Tresa</Text>
		</Row>
		<Row Tag="LOC_CITIZEN_GERMANY_MODERN_FEMALE_9">
			<Text>Verina</Text>
		</Row>
		<Row Tag="LOC_CITIZEN_GERMANY_MODERN_FEMALE_10">
			<Text>Wanda</Text>
		</Row>
		<!--Greece-->
		<Row Tag="LOC_CITIZEN_GREECE_MALE_1">
			<Text>Agapetos</Text>
		</Row>
		<Row Tag="LOC_CITIZEN_GREECE_MALE_2">
			<Text>Alcibiades</Text>
		</Row>
		<Row Tag="LOC_CITIZEN_GREECE_MALE_3">
			<Text>Demokritos</Text>
		</Row>
		<Row Tag="LOC_CITIZEN_GREECE_MALE_4">
			<Text>Diogenes</Text>
		</Row>
		<Row Tag="LOC_CITIZEN_GREECE_MALE_5">
			<Text>Heracleitos</Text>
		</Row>
		<Row Tag="LOC_CITIZEN_GREECE_MALE_6">
			<Text>Hippolytos</Text>
		</Row>
		<Row Tag="LOC_CITIZEN_GREECE_MALE_7">
			<Text>Nereus</Text>
		</Row>
		<Row Tag="LOC_CITIZEN_GREECE_MALE_8">
			<Text>Phaidros</Text>
		</Row>
		<Row Tag="LOC_CITIZEN_GREECE_MALE_9">
			<Text>Sosigenes</Text>
		</Row>
		<Row Tag="LOC_CITIZEN_GREECE_MALE_10">
			<Text>Zotikos</Text>
		</Row>
		<Row Tag="LOC_CITIZEN_GREECE_FEMALE_1">
			<Text>Apollonia</Text>
		</Row>
		<Row Tag="LOC_CITIZEN_GREECE_FEMALE_2">
			<Text>Chloe</Text>
		</Row>
		<Row Tag="LOC_CITIZEN_GREECE_FEMALE_3">
			<Text>Eudoxia</Text>
		</Row>
		<Row Tag="LOC_CITIZEN_GREECE_FEMALE_4">
			<Text>Hypatia</Text>
		</Row>
		<Row Tag="LOC_CITIZEN_GREECE_FEMALE_5">
			<Text>Kallisto</Text>
		</Row>
		<Row Tag="LOC_CITIZEN_GREECE_FEMALE_6">
			<Text>Ligeia</Text>
		</Row>
		<Row Tag="LOC_CITIZEN_GREECE_FEMALE_7">
			<Text>Lysistrate</Text>
		</Row>
		<Row Tag="LOC_CITIZEN_GREECE_FEMALE_8">
			<Text>Pelagia</Text>
		</Row>
		<Row Tag="LOC_CITIZEN_GREECE_FEMALE_9">
			<Text>Sappho</Text>
		</Row>
		<Row Tag="LOC_CITIZEN_GREECE_FEMALE_10">
			<Text>Xanthe</Text>
		</Row>
		<Row Tag="LOC_CITIZEN_GREECE_MODERN_MALE_1">
			<Text>Aristides</Text>
		</Row>
		<Row Tag="LOC_CITIZEN_GREECE_MODERN_MALE_2">
			<Text>Basil</Text>
		</Row>
		<Row Tag="LOC_CITIZEN_GREECE_MODERN_MALE_3">
			<Text>Demetri</Text>
		</Row>
		<Row Tag="LOC_CITIZEN_GREECE_MODERN_MALE_4">
			<Text>Gregorios</Text>
		</Row>
		<Row Tag="LOC_CITIZEN_GREECE_MODERN_MALE_5">
			<Text>Herakles</Text>
		</Row>
		<Row Tag="LOC_CITIZEN_GREECE_MODERN_MALE_6">
			<Text>Kristos</Text>
		</Row>
		<Row Tag="LOC_CITIZEN_GREECE_MODERN_MALE_7">
			<Text>Matthias</Text>
		</Row>
		<Row Tag="LOC_CITIZEN_GREECE_MODERN_MALE_8">
			<Text>Pavlos</Text>
		</Row>
		<Row Tag="LOC_CITIZEN_GREECE_MODERN_MALE_9">
			<Text>Silvanos</Text>
		</Row>
    <Row Tag="LOC_CITIZEN_GREECE_MODERN_MALE_10">
      <Text>Vasilis</Text>
    </Row>
		<Row Tag="LOC_CITIZEN_GREECE_MODERN_FEMALE_1">
			<Text>Alethea</Text>
		</Row>
		<Row Tag="LOC_CITIZEN_GREECE_MODERN_FEMALE_2">
			<Text>Callista</Text>
		</Row>
		<Row Tag="LOC_CITIZEN_GREECE_MODERN_FEMALE_3">
			<Text>Electra</Text>
		</Row>
		<Row Tag="LOC_CITIZEN_GREECE_MODERN_FEMALE_4">
			<Text>Hera</Text>
		</Row>
		<Row Tag="LOC_CITIZEN_GREECE_MODERN_FEMALE_5">
			<Text>Io</Text>
		</Row>
		<Row Tag="LOC_CITIZEN_GREECE_MODERN_FEMALE_6">
			<Text>Marina</Text>
		</Row>
		<Row Tag="LOC_CITIZEN_GREECE_MODERN_FEMALE_7">
			<Text>Melina</Text>
		</Row>
		<Row Tag="LOC_CITIZEN_GREECE_MODERN_FEMALE_8">
			<Text>Nike</Text>
		</Row>
		<Row Tag="LOC_CITIZEN_GREECE_MODERN_FEMALE_9">
			<Text>Rhea</Text>
		</Row>
		<Row Tag="LOC_CITIZEN_GREECE_MODERN_FEMALE_10">
			<Text>Thetis</Text>
		</Row>
		<!--India-->
		<Row Tag="LOC_CITIZEN_INDIA_MALE_1">
			<Text>Darshan</Text>
		</Row>
		<Row Tag="LOC_CITIZEN_INDIA_MALE_2">
			<Text>Govind</Text>
		</Row>
		<Row Tag="LOC_CITIZEN_INDIA_MALE_3">
			<Text>Kuruvilla</Text>
		</Row>
		<Row Tag="LOC_CITIZEN_INDIA_MALE_4">
			<Text>Krishna</Text>
		</Row>
		<Row Tag="LOC_CITIZEN_INDIA_MALE_5">
			<Text>Narayan</Text>
		</Row>
		<Row Tag="LOC_CITIZEN_INDIA_MALE_6">
			<Text>Paramveer</Text>
		</Row>
		<Row Tag="LOC_CITIZEN_INDIA_MALE_7">
			<Text>Pulkit</Text>
		</Row>
		<Row Tag="LOC_CITIZEN_INDIA_MALE_8">
			<Text>Purshotam</Text>
		</Row>
		<Row Tag="LOC_CITIZEN_INDIA_MALE_9">
			<Text>Surya</Text>
		</Row>
		<Row Tag="LOC_CITIZEN_INDIA_MALE_10">
			<Text>Uday</Text>
		</Row>
		<Row Tag="LOC_CITIZEN_INDIA_FEMALE_1">
			<Text>Anasuya</Text>
		</Row>
		<Row Tag="LOC_CITIZEN_INDIA_FEMALE_2">
			<Text>Asha</Text>
		</Row>
		<Row Tag="LOC_CITIZEN_INDIA_FEMALE_3">
			<Text>Bhadraa</Text>
		</Row>
		<Row Tag="LOC_CITIZEN_INDIA_FEMALE_4">
			<Text>Dakshina</Text>
		</Row>
		<Row Tag="LOC_CITIZEN_INDIA_FEMALE_5">
			<Text>Kerani</Text>
		</Row>
		<Row Tag="LOC_CITIZEN_INDIA_FEMALE_6">
			<Text>Lajila</Text>
		</Row>
		<Row Tag="LOC_CITIZEN_INDIA_FEMALE_7">
			<Text>Reeya</Text>
		</Row>
		<Row Tag="LOC_CITIZEN_INDIA_FEMALE_8">
			<Text>Savatari</Text>
		</Row>
		<Row Tag="LOC_CITIZEN_INDIA_FEMALE_9">
			<Text>Sita</Text>
		</Row>
		<Row Tag="LOC_CITIZEN_INDIA_FEMALE_10">
			<Text>Vineeta</Text>
		</Row>
		<Row Tag="LOC_CITIZEN_INDIA_MODERN_MALE_1">
			<Text>Ameretat</Text>
		</Row>
		<Row Tag="LOC_CITIZEN_INDIA_MODERN_MALE_2">
			<Text>Armaan</Text>
		</Row>
		<Row Tag="LOC_CITIZEN_INDIA_MODERN_MALE_3">
			<Text>Dhruv</Text>
		</Row>
		<Row Tag="LOC_CITIZEN_INDIA_MODERN_MALE_4">
			<Text>Jaskirit</Text>
		</Row>
		<Row Tag="LOC_CITIZEN_INDIA_MODERN_MALE_5">
			<Text>Krishna</Text>
		</Row>
		<Row Tag="LOC_CITIZEN_INDIA_MODERN_MALE_6">
			<Text>Pranay</Text>
		</Row>
		<Row Tag="LOC_CITIZEN_INDIA_MODERN_MALE_7">
			<Text>Rayansh</Text>
		</Row>
		<Row Tag="LOC_CITIZEN_INDIA_MODERN_MALE_8">
			<Text>Tanish</Text>
		</Row>
		<Row Tag="LOC_CITIZEN_INDIA_MODERN_MALE_9">
			<Text>Utkarsh</Text>
		</Row>
		<Row Tag="LOC_CITIZEN_INDIA_MODERN_MALE_10">
			<Text>Vivaan</Text>
		</Row>
		<Row Tag="LOC_CITIZEN_INDIA_MODERN_FEMALE_1">
			<Text>Aanya</Text>
		</Row>
		<Row Tag="LOC_CITIZEN_INDIA_MODERN_FEMALE_2">
			<Text>Aarohi</Text>
		</Row>
		<Row Tag="LOC_CITIZEN_INDIA_MODERN_FEMALE_3">
			<Text>Diya</Text>
		</Row>
		<Row Tag="LOC_CITIZEN_INDIA_MODERN_FEMALE_4">
			<Text>Lakshya</Text>
		</Row>
		<Row Tag="LOC_CITIZEN_INDIA_MODERN_FEMALE_5">
			<Text>Mrinalini</Text>
		</Row>
		<Row Tag="LOC_CITIZEN_INDIA_MODERN_FEMALE_6">
			<Text>Navya</Text>
		</Row>
		<Row Tag="LOC_CITIZEN_INDIA_MODERN_FEMALE_7">
			<Text>Priyanka</Text>
		</Row>
		<Row Tag="LOC_CITIZEN_INDIA_MODERN_FEMALE_8">
			<Text>Tanvi</Text>
		</Row>
		<Row Tag="LOC_CITIZEN_INDIA_MODERN_FEMALE_9">
			<Text>Sushma</Text>
		</Row>
		<Row Tag="LOC_CITIZEN_INDIA_MODERN_FEMALE_10">
			<Text>Vaani</Text>
		</Row>
		<!--Japan-->
		<Row Tag="LOC_CITIZEN_JAPAN_MALE_1">
			<Text>Akeno</Text>
		</Row>
		<Row Tag="LOC_CITIZEN_JAPAN_MALE_2">
			<Text>Benjiro</Text>
		</Row>
		<Row Tag="LOC_CITIZEN_JAPAN_MALE_3">
			<Text>Hiroshi</Text>
		</Row>
		<Row Tag="LOC_CITIZEN_JAPAN_MALE_4">
			<Text>Jomei</Text>
		</Row>
		<Row Tag="LOC_CITIZEN_JAPAN_MALE_5">
			<Text>Kaage</Text>
		</Row>
		<Row Tag="LOC_CITIZEN_JAPAN_MALE_6">
			<Text>Kaemon</Text>
		</Row>
		<Row Tag="LOC_CITIZEN_JAPAN_MALE_7">
			<Text>Mashiro</Text>
		</Row>
		<Row Tag="LOC_CITIZEN_JAPAN_MALE_8">
			<Text>Renjiro</Text>
		</Row>
		<Row Tag="LOC_CITIZEN_JAPAN_MALE_9">
			<Text>Sachiro</Text>
		</Row>
		<Row Tag="LOC_CITIZEN_JAPAN_MALE_10">
			<Text>Teijo</Text>
		</Row>
		<Row Tag="LOC_CITIZEN_JAPAN_FEMALE_1">
			<Text>Akiko</Text>
		</Row>
		<Row Tag="LOC_CITIZEN_JAPAN_FEMALE_2">
			<Text>Chiyo</Text>
		</Row>
		<Row Tag="LOC_CITIZEN_JAPAN_FEMALE_3">
			<Text>Emiko</Text>
		</Row>
		<Row Tag="LOC_CITIZEN_JAPAN_FEMALE_4">
			<Text>Hoshiko</Text>
		</Row>
		<Row Tag="LOC_CITIZEN_JAPAN_FEMALE_5">
			<Text>Kameko</Text>
		</Row>
		<Row Tag="LOC_CITIZEN_JAPAN_FEMALE_6">
			<Text>Kashiya</Text>
		</Row>
		<Row Tag="LOC_CITIZEN_JAPAN_FEMALE_7">
			<Text>Kimiko</Text>
		</Row>
		<Row Tag="LOC_CITIZEN_JAPAN_FEMALE_8">
			<Text>Natsuko</Text>
		</Row>
		<Row Tag="LOC_CITIZEN_JAPAN_FEMALE_9">
			<Text>Sakura</Text>
		</Row>
		<Row Tag="LOC_CITIZEN_JAPAN_FEMALE_10">
			<Text>Yumiko</Text>
		</Row>
		<Row Tag="LOC_CITIZEN_JAPAN_MODERN_MALE_1">
			<Text>Akira</Text>
		</Row>
		<Row Tag="LOC_CITIZEN_JAPAN_MODERN_MALE_2">
			<Text>Haruta</Text>
		</Row>
		<Row Tag="LOC_CITIZEN_JAPAN_MODERN_MALE_3">
			<Text>Hiroto</Text>
		</Row>
		<Row Tag="LOC_CITIZEN_JAPAN_MODERN_MALE_4">
			<Text>Masa</Text>
		</Row>
		<Row Tag="LOC_CITIZEN_JAPAN_MODERN_MALE_5">
			<Text>Ren</Text>
		</Row>
		<Row Tag="LOC_CITIZEN_JAPAN_MODERN_MALE_6">
			<Text>Sho</Text>
		</Row>
		<Row Tag="LOC_CITIZEN_JAPAN_MODERN_MALE_7">
			<Text>Sora</Text>
		</Row>
		<Row Tag="LOC_CITIZEN_JAPAN_MODERN_MALE_8">
			<Text>Tatsuo</Text>
		</Row>
		<Row Tag="LOC_CITIZEN_JAPAN_MODERN_MALE_9">
			<Text>Yamato</Text>
		</Row>
		<Row Tag="LOC_CITIZEN_JAPAN_MODERN_MALE_10">
			<Text>Yuki</Text>
		</Row>
		<Row Tag="LOC_CITIZEN_JAPAN_MODERN_FEMALE_1">
			<Text>Aoi</Text>
		</Row>
		<Row Tag="LOC_CITIZEN_JAPAN_MODERN_FEMALE_2">
			<Text>Hina</Text>
		</Row>
		<Row Tag="LOC_CITIZEN_JAPAN_MODERN_FEMALE_3">
			<Text>Midori</Text>
		</Row>
		<Row Tag="LOC_CITIZEN_JAPAN_MODERN_FEMALE_4">
			<Text>Miu</Text>
		</Row>
		<Row Tag="LOC_CITIZEN_JAPAN_MODERN_FEMALE_5">
			<Text>Miyu</Text>
		</Row>
		<Row Tag="LOC_CITIZEN_JAPAN_MODERN_FEMALE_6">
			<Text>Nanami</Text>
		</Row>
		<Row Tag="LOC_CITIZEN_JAPAN_MODERN_FEMALE_7">
			<Text>Rin</Text>
		</Row>
		<Row Tag="LOC_CITIZEN_JAPAN_MODERN_FEMALE_8">
			<Text>Sakura</Text>
		</Row>
		<Row Tag="LOC_CITIZEN_JAPAN_MODERN_FEMALE_9">
			<Text>Umi</Text>
		</Row>
		<Row Tag="LOC_CITIZEN_JAPAN_MODERN_FEMALE_10">
			<Text>Yumi</Text>
		</Row>
		<!--Kongo-->
		<Row Tag="LOC_CITIZEN_KONGO_MALE_1">
			<Text>Alongi</Text>
		</Row>
		<Row Tag="LOC_CITIZEN_KONGO_MALE_2">
			<Text>Din</Text>
		</Row>
		<Row Tag="LOC_CITIZEN_KONGO_MALE_3">
			<Text>Elombe</Text>
		</Row>
		<Row Tag="LOC_CITIZEN_KONGO_MALE_4">
			<Text>Lumingu</Text>
		</Row>
		<Row Tag="LOC_CITIZEN_KONGO_MALE_5">
			<Text>Lumumba</Text>
		</Row>
		<Row Tag="LOC_CITIZEN_KONGO_MALE_6">
			<Text>Mani</Text>
		</Row>
		<Row Tag="LOC_CITIZEN_KONGO_MALE_7">
			<Text>Matadi</Text>
		</Row>
		<Row Tag="LOC_CITIZEN_KONGO_MALE_8">
			<Text>Ngweji</Text>
		</Row>
		<Row Tag="LOC_CITIZEN_KONGO_MALE_9">
			<Text>Tshilongo</Text>
		</Row>
		<Row Tag="LOC_CITIZEN_KONGO_MALE_10">
			<Text>Yerodin</Text>
		</Row>
		<Row Tag="LOC_CITIZEN_KONGO_FEMALE_1">
			<Text>Bela</Text>
		</Row>
		<Row Tag="LOC_CITIZEN_KONGO_FEMALE_2">
			<Text>Dinanga</Text>
		</Row>
		<Row Tag="LOC_CITIZEN_KONGO_FEMALE_3">
			<Text>Kabanga</Text>
		</Row>
		<Row Tag="LOC_CITIZEN_KONGO_FEMALE_4">
			<Text>Kayipu</Text>
		</Row>
		<Row Tag="LOC_CITIZEN_KONGO_FEMALE_5">
			<Text>Lola</Text>
		</Row>
		<Row Tag="LOC_CITIZEN_KONGO_FEMALE_6">
			<Text>Makemba</Text>
		</Row>
		<Row Tag="LOC_CITIZEN_KONGO_FEMALE_7">
			<Text>Makiadi</Text>
		</Row>
		<Row Tag="LOC_CITIZEN_KONGO_FEMALE_8">
			<Text>Mosantu</Text>
		</Row>
		<Row Tag="LOC_CITIZEN_KONGO_FEMALE_9">
			<Text>Mwimpa</Text>
		</Row>
		<Row Tag="LOC_CITIZEN_KONGO_FEMALE_10">
			<Text>Zola</Text>
		</Row>
		<Row Tag="LOC_CITIZEN_KONGO_MODERN_MALE_1">
			<Text>Bahari</Text>
		</Row>
		<Row Tag="LOC_CITIZEN_KONGO_MODERN_MALE_2">
			<Text>Chiamaka</Text>
		</Row>
		<Row Tag="LOC_CITIZEN_KONGO_MODERN_MALE_3">
			<Text>Davu</Text>
		</Row>
		<Row Tag="LOC_CITIZEN_KONGO_MODERN_MALE_4">
			<Text>Faraji</Text>
		</Row>
		<Row Tag="LOC_CITIZEN_KONGO_MODERN_MALE_5">
			<Text>Gazali</Text>
		</Row>
		<Row Tag="LOC_CITIZEN_KONGO_MODERN_MALE_6">
			<Text>Issay</Text>
		</Row>
		<Row Tag="LOC_CITIZEN_KONGO_MODERN_MALE_7">
			<Text>Jumo</Text>
		</Row>
		<Row Tag="LOC_CITIZEN_KONGO_MODERN_MALE_8">
			<Text>Mablevi</Text>
		</Row>
		<Row Tag="LOC_CITIZEN_KONGO_MODERN_MALE_9">
			<Text>Naeem</Text>
		</Row>
		<Row Tag="LOC_CITIZEN_KONGO_MODERN_MALE_10">
			<Text>Rafiki</Text>
		</Row>
		<Row Tag="LOC_CITIZEN_KONGO_MODERN_FEMALE_1">
			<Text>Amandla</Text>
		</Row>
		<Row Tag="LOC_CITIZEN_KONGO_MODERN_FEMALE_2">
			<Text>Chalondra</Text>
		</Row>
		<Row Tag="LOC_CITIZEN_KONGO_MODERN_FEMALE_3">
			<Text>Ebere</Text>
		</Row>
		<Row Tag="LOC_CITIZEN_KONGO_MODERN_FEMALE_4">
			<Text>Efia</Text>
		</Row>
		<Row Tag="LOC_CITIZEN_KONGO_MODERN_FEMALE_5">
			<Text>Haracha</Text>
		</Row>
		<Row Tag="LOC_CITIZEN_KONGO_MODERN_FEMALE_6">
			<Text>Ifrah</Text>
		</Row>
		<Row Tag="LOC_CITIZEN_KONGO_MODERN_FEMALE_7">
			<Text>Kainda</Text>
		</Row>
		<Row Tag="LOC_CITIZEN_KONGO_MODERN_FEMALE_8">
			<Text>Mandze</Text>
		</Row>
		<Row Tag="LOC_CITIZEN_KONGO_MODERN_FEMALE_9">
			<Text>Nailah</Text>
		</Row>
		<Row Tag="LOC_CITIZEN_KONGO_MODERN_FEMALE_10">
			<Text>Rahema</Text>
		</Row>
		<!--Norway-->
		<Row Tag="LOC_CITIZEN_NORWAY_MALE_1">
			<Text>Asger</Text>
		</Row>
		<Row Tag="LOC_CITIZEN_NORWAY_MALE_2">
			<Text>Bjarke</Text>
		</Row>
		<Row Tag="LOC_CITIZEN_NORWAY_MALE_3">
			<Text>Brynjar</Text>
		</Row>
		<Row Tag="LOC_CITIZEN_NORWAY_MALE_4">
			<Text>Dustin</Text>
		</Row>
		<Row Tag="LOC_CITIZEN_NORWAY_MALE_5">
			<Text>Eindride</Text>
		</Row>
		<Row Tag="LOC_CITIZEN_NORWAY_MALE_6">
			<Text>Fritjof</Text>
		</Row>
		<Row Tag="LOC_CITIZEN_NORWAY_MALE_7">
			<Text>Hakon</Text>
		</Row>
		<Row Tag="LOC_CITIZEN_NORWAY_MALE_8">
			<Text>Knute</Text>
		</Row>
		<Row Tag="LOC_CITIZEN_NORWAY_MALE_9">
			<Text>Stian</Text>
		</Row>
		<Row Tag="LOC_CITIZEN_NORWAY_MALE_10">
			<Text>Trygve</Text>
		</Row>
		<Row Tag="LOC_CITIZEN_NORWAY_FEMALE_1">
			<Text>Asta</Text>
		</Row>
		<Row Tag="LOC_CITIZEN_NORWAY_FEMALE_2">
			<Text>Bergljot</Text>
		</Row>
		<Row Tag="LOC_CITIZEN_NORWAY_FEMALE_3">
			<Text>Eira</Text>
		</Row>
		<Row Tag="LOC_CITIZEN_NORWAY_FEMALE_4">
			<Text>Freja</Text>
		</Row>
		<Row Tag="LOC_CITIZEN_NORWAY_FEMALE_5">
			<Text>Gunborg</Text>
		</Row>
		<Row Tag="LOC_CITIZEN_NORWAY_FEMALE_6">
			<Text>Helka</Text>
		</Row>
		<Row Tag="LOC_CITIZEN_NORWAY_FEMALE_7">
			<Text>Inkeri</Text>
		</Row>
		<Row Tag="LOC_CITIZEN_NORWAY_FEMALE_8">
			<Text>Magnhild</Text>
		</Row>
		<Row Tag="LOC_CITIZEN_NORWAY_FEMALE_9">
			<Text>Signe</Text>
		</Row>
		<Row Tag="LOC_CITIZEN_NORWAY_FEMALE_10">
			<Text>Thyra</Text>
		</Row>
		<Row Tag="LOC_CITIZEN_NORWAY_MODERN_MALE_1">
			<Text>Arne</Text>
		</Row>
		<Row Tag="LOC_CITIZEN_NORWAY_MODERN_MALE_2">
			<Text>Donalt</Text>
		</Row>
		<Row Tag="LOC_CITIZEN_NORWAY_MODERN_MALE_3">
			<Text>Einar</Text>
		</Row>
		<Row Tag="LOC_CITIZEN_NORWAY_MODERN_MALE_4">
			<Text>Garth</Text>
		</Row>
		<Row Tag="LOC_CITIZEN_NORWAY_MODERN_MALE_5">
			<Text>Halvor</Text>
		</Row>
		<Row Tag="LOC_CITIZEN_NORWAY_MODERN_MALE_6">
			<Text>Lars</Text>
		</Row>
		<Row Tag="LOC_CITIZEN_NORWAY_MODERN_MALE_7">
			<Text>Nels</Text>
		</Row>
		<Row Tag="LOC_CITIZEN_NORWAY_MODERN_MALE_8">
			<Text>Oddvar</Text>
		</Row>
		<Row Tag="LOC_CITIZEN_NORWAY_MODERN_MALE_9">
			<Text>Sigurd</Text>
		</Row>
		<Row Tag="LOC_CITIZEN_NORWAY_MODERN_MALE_10">
			<Text>Ulf</Text>
		</Row>
		<Row Tag="LOC_CITIZEN_NORWAY_MODERN_FEMALE_1">
			<Text>Astrid</Text>
		</Row>
		<Row Tag="LOC_CITIZEN_NORWAY_MODERN_FEMALE_2">
			<Text>Brita</Text>
		</Row>
		<Row Tag="LOC_CITIZEN_NORWAY_MODERN_FEMALE_3">
			<Text>Dagmar</Text>
		</Row>
		<Row Tag="LOC_CITIZEN_NORWAY_MODERN_FEMALE_4">
			<Text>Greta</Text>
		</Row>
		<Row Tag="LOC_CITIZEN_NORWAY_MODERN_FEMALE_5">
			<Text>Gunnhild</Text>
		</Row>
		<Row Tag="LOC_CITIZEN_NORWAY_MODERN_FEMALE_6">
			<Text>Inga</Text>
		</Row>
		<Row Tag="LOC_CITIZEN_NORWAY_MODERN_FEMALE_7">
			<Text>Liv</Text>
		</Row>
		<Row Tag="LOC_CITIZEN_NORWAY_MODERN_FEMALE_8">
			<Text>Ragna</Text>
		</Row>
		<Row Tag="LOC_CITIZEN_NORWAY_MODERN_FEMALE_9">
			<Text>Solveig</Text>
		</Row>
		<Row Tag="LOC_CITIZEN_NORWAY_MODERN_FEMALE_10">
			<Text>Valjeta</Text>
		</Row>
		<!--Rome-->
		<Row Tag="LOC_CITIZEN_ROME_MALE_1">
			<Text>Acacius</Text>
		</Row>
		<Row Tag="LOC_CITIZEN_ROME_MALE_2">
			<Text>Aetius</Text>
		</Row>
		<Row Tag="LOC_CITIZEN_ROME_MALE_3">
			<Text>Brutus</Text>
		</Row>
		<Row Tag="LOC_CITIZEN_ROME_MALE_4">
			<Text>Caelinus</Text>
		</Row>
		<Row Tag="LOC_CITIZEN_ROME_MALE_5">
			<Text>Emidius</Text>
		</Row>
		<Row Tag="LOC_CITIZEN_ROME_MALE_6">
			<Text>Flavius</Text>
		</Row>
		<Row Tag="LOC_CITIZEN_ROME_MALE_7">
			<Text>Jovilius</Text>
		</Row>
		<Row Tag="LOC_CITIZEN_ROME_MALE_8">
			<Text>Manius</Text>
		</Row>
		<Row Tag="LOC_CITIZEN_ROME_MALE_9">
			<Text>Sophus</Text>
		</Row>
		<Row Tag="LOC_CITIZEN_ROME_MALE_10">
			<Text>Timaeus</Text>
		</Row>
		<Row Tag="LOC_CITIZEN_ROME_FEMALE_1">
			<Text>Abelia</Text>
		</Row>
		<Row Tag="LOC_CITIZEN_ROME_FEMALE_2">
			<Text>Chloris</Text>
		</Row>
		<Row Tag="LOC_CITIZEN_ROME_FEMALE_3">
			<Text>Clotho</Text>
		</Row>
		<Row Tag="LOC_CITIZEN_ROME_FEMALE_4">
			<Text>Eliana</Text>
		</Row>
		<Row Tag="LOC_CITIZEN_ROME_FEMALE_5">
			<Text>Gracilia</Text>
		</Row>
		<Row Tag="LOC_CITIZEN_ROME_FEMALE_6">
			<Text>Herta</Text>
		</Row>
		<Row Tag="LOC_CITIZEN_ROME_FEMALE_7">
			<Text>Isidora</Text>
		</Row>
		<Row Tag="LOC_CITIZEN_ROME_FEMALE_8">
			<Text>Laetitia</Text>
		</Row>
		<Row Tag="LOC_CITIZEN_ROME_FEMALE_9">
			<Text>Melita</Text>
		</Row>
		<Row Tag="LOC_CITIZEN_ROME_FEMALE_10">
			<Text>Proserpina</Text>
		</Row>
		<Row Tag="LOC_CITIZEN_ROME_MODERN_MALE_1">
			<Text>Adolfo</Text>
		</Row>
		<Row Tag="LOC_CITIZEN_ROME_MODERN_MALE_2">
			<Text>Benito</Text>
		</Row>
		<Row Tag="LOC_CITIZEN_ROME_MODERN_MALE_3">
			<Text>Dario</Text>
		</Row>
		<Row Tag="LOC_CITIZEN_ROME_MODERN_MALE_4">
			<Text>Elmo</Text>
		</Row>
		<Row Tag="LOC_CITIZEN_ROME_MODERN_MALE_5">
			<Text>Federico</Text>
		</Row>
		<Row Tag="LOC_CITIZEN_ROME_MODERN_MALE_6">
			<Text>Guido</Text>
		</Row>
		<Row Tag="LOC_CITIZEN_ROME_MODERN_MALE_7">
			<Text>Marzio</Text>
		</Row>
		<Row Tag="LOC_CITIZEN_ROME_MODERN_MALE_8">
			<Text>Pasqualino</Text>
		</Row>
		<Row Tag="LOC_CITIZEN_ROME_MODERN_MALE_9">
			<Text>Remo</Text>
		</Row>
		<Row Tag="LOC_CITIZEN_ROME_MODERN_MALE_10">
			<Text>Umberto</Text>
		</Row>
		<Row Tag="LOC_CITIZEN_ROME_MODERN_FEMALE_1">
			<Text>Bambi</Text>
		</Row>
		<Row Tag="LOC_CITIZEN_ROME_MODERN_FEMALE_2">
			<Text>Bella</Text>
		</Row>
		<Row Tag="LOC_CITIZEN_ROME_MODERN_FEMALE_3">
			<Text>Caprice</Text>
		</Row>
		<Row Tag="LOC_CITIZEN_ROME_MODERN_FEMALE_4">
			<Text>Donatella</Text>
		</Row>
		<Row Tag="LOC_CITIZEN_ROME_MODERN_FEMALE_5">
			<Text>Francesca</Text>
		</Row>
		<Row Tag="LOC_CITIZEN_ROME_MODERN_FEMALE_6">
			<Text>Laurenza</Text>
		</Row>
		<Row Tag="LOC_CITIZEN_ROME_MODERN_FEMALE_7">
			<Text>Lucrezia</Text>
		</Row>
		<Row Tag="LOC_CITIZEN_ROME_MODERN_FEMALE_8">
			<Text>Ortensia</Text>
		</Row>
		<Row Tag="LOC_CITIZEN_ROME_MODERN_FEMALE_9">
			<Text>Sabrina</Text>
		</Row>
		<Row Tag="LOC_CITIZEN_ROME_MODERN_FEMALE_10">
			<Text>Vitalia</Text>
		</Row>
		<!--Russia-->
		<Row Tag="LOC_CITIZEN_RUSSIA_MALE_1">
			<Text>Aleksai</Text>
		</Row>
		<Row Tag="LOC_CITIZEN_RUSSIA_MALE_2">
			<Text>Avel</Text>
		</Row>
		<Row Tag="LOC_CITIZEN_RUSSIA_MALE_3">
			<Text>Dimitri</Text>
		</Row>
		<Row Tag="LOC_CITIZEN_RUSSIA_MALE_4">
			<Text>Evgenii</Text>
		</Row>
		<Row Tag="LOC_CITIZEN_RUSSIA_MALE_5">
			<Text>Gorya</Text>
		</Row>
		<Row Tag="LOC_CITIZEN_RUSSIA_MALE_6">
			<Text>Igor</Text>
		</Row>
		<Row Tag="LOC_CITIZEN_RUSSIA_MALE_7">
			<Text>Leonid</Text>
		</Row>
		<Row Tag="LOC_CITIZEN_RUSSIA_MALE_8">
			<Text>Oleg</Text>
		</Row>
		<Row Tag="LOC_CITIZEN_RUSSIA_MALE_9">
			<Text>Pavel</Text>
		</Row>
		<Row Tag="LOC_CITIZEN_RUSSIA_MALE_10">
			<Text>Stenya</Text>
		</Row>
		<Row Tag="LOC_CITIZEN_RUSSIA_FEMALE_1">
			<Text>Agniya</Text>
		</Row>
		<Row Tag="LOC_CITIZEN_RUSSIA_FEMALE_2">
			<Text>Dushenka</Text>
		</Row>
		<Row Tag="LOC_CITIZEN_RUSSIA_FEMALE_3">
			<Text>Ekaterina</Text>
		</Row>
		<Row Tag="LOC_CITIZEN_RUSSIA_FEMALE_4">
			<Text>Galina</Text>
		</Row>
		<Row Tag="LOC_CITIZEN_RUSSIA_FEMALE_5">
			<Text>Irina</Text>
		</Row>
		<Row Tag="LOC_CITIZEN_RUSSIA_FEMALE_6">
			<Text>Marishka</Text>
		</Row>
		<Row Tag="LOC_CITIZEN_RUSSIA_FEMALE_7">
			<Text>Sofiya</Text>
		</Row>
		<Row Tag="LOC_CITIZEN_RUSSIA_FEMALE_8">
			<Text>Svetlana</Text>
		</Row>
		<Row Tag="LOC_CITIZEN_RUSSIA_FEMALE_9">
			<Text>Valentina</Text>
		</Row>
		<Row Tag="LOC_CITIZEN_RUSSIA_FEMALE_10">
			<Text>Zinaida</Text>
		</Row>
		<Row Tag="LOC_CITIZEN_RUSSIA_MODERN_MALE_1">
			<Text>Andrei</Text>
		</Row>
		<Row Tag="LOC_CITIZEN_RUSSIA_MODERN_MALE_2">
			<Text>Gregori</Text>
		</Row>
		<Row Tag="LOC_CITIZEN_RUSSIA_MODERN_MALE_3">
			<Text>Karol</Text>
		</Row>
		<Row Tag="LOC_CITIZEN_RUSSIA_MODERN_MALE_4">
			<Text>Misha</Text>
		</Row>
		<Row Tag="LOC_CITIZEN_RUSSIA_MODERN_MALE_5">
			<Text>Nikolai</Text>
		</Row>
		<Row Tag="LOC_CITIZEN_RUSSIA_MODERN_MALE_6">
			<Text>Oral</Text>
		</Row>
		<Row Tag="LOC_CITIZEN_RUSSIA_MODERN_MALE_7">
			<Text>Ratmir</Text>
		</Row>
		<Row Tag="LOC_CITIZEN_RUSSIA_MODERN_MALE_8">
			<Text>Sasha</Text>
		</Row>
		<Row Tag="LOC_CITIZEN_RUSSIA_MODERN_MALE_9">
			<Text>Vasyl</Text>
		</Row>
		<Row Tag="LOC_CITIZEN_RUSSIA_MODERN_MALE_10">
			<Text>Umberto</Text>
		</Row>
		<Row Tag="LOC_CITIZEN_RUSSIA_MODERN_FEMALE_1">
			<Text>Anastasia</Text>
		</Row>
		<Row Tag="LOC_CITIZEN_RUSSIA_MODERN_FEMALE_2">
			<Text>Anichka</Text>
		</Row>
		<Row Tag="LOC_CITIZEN_RUSSIA_MODERN_FEMALE_3">
			<Text>Elena</Text>
		</Row>
		<Row Tag="LOC_CITIZEN_RUSSIA_MODERN_FEMALE_4">
			<Text>Inessa</Text>
		</Row>
		<Row Tag="LOC_CITIZEN_RUSSIA_MODERN_FEMALE_5">
			<Text>Lyudmila</Text>
		</Row>
		<Row Tag="LOC_CITIZEN_RUSSIA_MODERN_FEMALE_6">
			<Text>Nadya</Text>
		</Row>
		<Row Tag="LOC_CITIZEN_RUSSIA_MODERN_FEMALE_7">
			<Text>Natasha</Text>
		</Row>
		<Row Tag="LOC_CITIZEN_RUSSIA_MODERN_FEMALE_8">
			<Text>Tatiana</Text>
		</Row>
		<Row Tag="LOC_CITIZEN_RUSSIA_MODERN_FEMALE_9">
			<Text>Vanna</Text>
		</Row>
		<Row Tag="LOC_CITIZEN_RUSSIA_MODERN_FEMALE_10">
			<Text>Yasmin</Text>
		</Row>
		<!--Scythia-->
		<Row Tag="LOC_CITIZEN_SCYTHIA_MALE_1">
			<Text>Argimpas</Text>
		</Row>
		<Row Tag="LOC_CITIZEN_SCYTHIA_MALE_2">
			<Text>Arimaspu</Text>
		</Row>
		<Row Tag="LOC_CITIZEN_SCYTHIA_MALE_3">
			<Text>Artimpada</Text>
		</Row>
		<Row Tag="LOC_CITIZEN_SCYTHIA_MALE_4">
			<Text>Katiari</Text>
		</Row>
		<Row Tag="LOC_CITIZEN_SCYTHIA_MALE_5">
			<Text>Kolax</Text>
		</Row>
		<Row Tag="LOC_CITIZEN_SCYTHIA_MALE_6">
			<Text>Leipoxis</Text>
		</Row>
		<Row Tag="LOC_CITIZEN_SCYTHIA_MALE_7">
			<Text>Scopasis</Text>
		</Row>
		<Row Tag="LOC_CITIZEN_SCYTHIA_MALE_8">
			<Text>Szererce</Text>
		</Row>
		<Row Tag="LOC_CITIZEN_SCYTHIA_MALE_9">
			<Text>Tarxuta</Text>
		</Row>
		<Row Tag="LOC_CITIZEN_SCYTHIA_MALE_10">
			<Text>Turxu</Text>
		</Row>
		<Row Tag="LOC_CITIZEN_SCYTHIA_FEMALE_1">
			<Text>Agathyrsi</Text>
		</Row>
		<Row Tag="LOC_CITIZEN_SCYTHIA_FEMALE_2">
			<Text>Apia</Text>
		</Row>
		<Row Tag="LOC_CITIZEN_SCYTHIA_FEMALE_3">
			<Text>Artimpasa</Text>
		</Row>
		<Row Tag="LOC_CITIZEN_SCYTHIA_FEMALE_4">
			<Text>Enaree</Text>
		</Row>
		<Row Tag="LOC_CITIZEN_SCYTHIA_FEMALE_5">
			<Text>Hestia</Text>
		</Row>
		<Row Tag="LOC_CITIZEN_SCYTHIA_FEMALE_6">
			<Text>Issedo</Text>
		</Row>
		<Row Tag="LOC_CITIZEN_SCYTHIA_FEMALE_7">
			<Text>Kollippi</Text>
		</Row>
		<Row Tag="LOC_CITIZEN_SCYTHIA_FEMALE_8">
			<Text>Lewlelil</Text>
		</Row>
		<Row Tag="LOC_CITIZEN_SCYTHIA_FEMALE_9">
			<Text>Oirpata</Text>
		</Row>
		<Row Tag="LOC_CITIZEN_SCYTHIA_FEMALE_10">
			<Text>Temarun</Text>
		</Row>
		<Row Tag="LOC_CITIZEN_SCYTHIA_MODERN_MALE_1">
			<Text>Aabir</Text>
		</Row>
		<Row Tag="LOC_CITIZEN_SCYTHIA_MODERN_MALE_2">
			<Text>Cheragh</Text>
		</Row>
		<Row Tag="LOC_CITIZEN_SCYTHIA_MODERN_MALE_3">
			<Text>Deepak</Text>
		</Row>
		<Row Tag="LOC_CITIZEN_SCYTHIA_MODERN_MALE_4">
			<Text>Ghufran</Text>
		</Row>
		<Row Tag="LOC_CITIZEN_SCYTHIA_MODERN_MALE_5">
			<Text>Isar</Text>
		</Row>
		<Row Tag="LOC_CITIZEN_SCYTHIA_MODERN_MALE_6">
			<Text>Javeed</Text>
		</Row>
		<Row Tag="LOC_CITIZEN_SCYTHIA_MODERN_MALE_7">
			<Text>Mallalai</Text>
		</Row>
		<Row Tag="LOC_CITIZEN_SCYTHIA_MODERN_MALE_8">
			<Text>Mujtaba</Text>
		</Row>
		<Row Tag="LOC_CITIZEN_SCYTHIA_MODERN_MALE_9">
			<Text>Raafi</Text>
		</Row>
		<Row Tag="LOC_CITIZEN_SCYTHIA_MODERN_MALE_10">
			<Text>Warid</Text>
		</Row>
		<Row Tag="LOC_CITIZEN_SCYTHIA_MODERN_FEMALE_1">
			<Text>Baheejah</Text>
		</Row>
		<Row Tag="LOC_CITIZEN_SCYTHIA_MODERN_FEMALE_2">
			<Text>Delkash</Text>
		</Row>
		<Row Tag="LOC_CITIZEN_SCYTHIA_MODERN_FEMALE_3">
			<Text>Fawza</Text>
		</Row>
		<Row Tag="LOC_CITIZEN_SCYTHIA_MODERN_FEMALE_4">
			<Text>Huzuz</Text>
		</Row>
		<Row Tag="LOC_CITIZEN_SCYTHIA_MODERN_FEMALE_5">
			<Text>Khirad</Text>
		</Row>
		<Row Tag="LOC_CITIZEN_SCYTHIA_MODERN_FEMALE_6">
			<Text>Lale</Text>
		</Row>
		<Row Tag="LOC_CITIZEN_SCYTHIA_MODERN_FEMALE_7">
			<Text>Nuzha</Text>
		</Row>
		<Row Tag="LOC_CITIZEN_SCYTHIA_MODERN_FEMALE_8">
			<Text>Parivash</Text>
		</Row>
		<Row Tag="LOC_CITIZEN_SCYTHIA_MODERN_FEMALE_9">
			<Text>Sumera</Text>
		</Row>
		<Row Tag="LOC_CITIZEN_SCYTHIA_MODERN_FEMALE_10">
			<Text>Teeha</Text>
		</Row>
		<!--Spain-->
		<Row Tag="LOC_CITIZEN_SPAIN_MALE_1">
			<Text>Bernardo</Text>
		</Row>
		<Row Tag="LOC_CITIZEN_SPAIN_MALE_2">
			<Text>Gualterio</Text>
		</Row>
		<Row Tag="LOC_CITIZEN_SPAIN_MALE_3">
			<Text>Leandro</Text>
		</Row>
		<Row Tag="LOC_CITIZEN_SPAIN_MALE_4">
			<Text>Maurio</Text>
		</Row>
		<Row Tag="LOC_CITIZEN_SPAIN_MALE_5">
			<Text>Naldo</Text>
		</Row>
		<Row Tag="LOC_CITIZEN_SPAIN_MALE_6">
			<Text>Ramiro</Text>
		</Row>
		<Row Tag="LOC_CITIZEN_SPAIN_MALE_7">
			<Text>Rufio</Text>
		</Row>
		<Row Tag="LOC_CITIZEN_SPAIN_MALE_8">
			<Text>Teodoro</Text>
		</Row>
		<Row Tag="LOC_CITIZEN_SPAIN_MALE_9">
			<Text>Vicente</Text>
		</Row>
		<Row Tag="LOC_CITIZEN_SPAIN_MALE_10">
			<Text>Xavier</Text>
		</Row>
		<Row Tag="LOC_CITIZEN_SPAIN_FEMALE_1">
			<Text>Agacia</Text>
		</Row>
		<Row Tag="LOC_CITIZEN_SPAIN_FEMALE_2">
			<Text>Carmita</Text>
		</Row>
		<Row Tag="LOC_CITIZEN_SPAIN_FEMALE_3">
			<Text>Joaquina</Text>
		</Row>
		<Row Tag="LOC_CITIZEN_SPAIN_FEMALE_4">
			<Text>Lupita</Text>
		</Row>
		<Row Tag="LOC_CITIZEN_SPAIN_FEMALE_5">
			<Text>Paloma</Text>
		</Row>
		<Row Tag="LOC_CITIZEN_SPAIN_FEMALE_6">
			<Text>Ramona</Text>
		</Row>
		<Row Tag="LOC_CITIZEN_SPAIN_FEMALE_7">
			<Text>Suelita</Text>
		</Row>
		<Row Tag="LOC_CITIZEN_SPAIN_FEMALE_8">
			<Text>Ursulina</Text>
		</Row>
		<Row Tag="LOC_CITIZEN_SPAIN_FEMALE_9">
			<Text>Ventura</Text>
		</Row>
		<Row Tag="LOC_CITIZEN_SPAIN_FEMALE_10">
			<Text>Zanetta</Text>
		</Row>
		<Row Tag="LOC_CITIZEN_SPAIN_MODERN_MALE_1">
			<Text>Alejandro</Text>
		</Row>
		<Row Tag="LOC_CITIZEN_SPAIN_MODERN_MALE_2">
			<Text>Carlos</Text>
		</Row>
		<Row Tag="LOC_CITIZEN_SPAIN_MODERN_MALE_3">
			<Text>Duarte</Text>
		</Row>
		<Row Tag="LOC_CITIZEN_SPAIN_MODERN_MALE_4">
			<Text>Ernesto</Text>
		</Row>
		<Row Tag="LOC_CITIZEN_SPAIN_MODERN_MALE_5">
			<Text>Fidele</Text>
		</Row>
		<Row Tag="LOC_CITIZEN_SPAIN_MODERN_MALE_6">
			<Text>Hernando</Text>
		</Row>
		<Row Tag="LOC_CITIZEN_SPAIN_MODERN_MALE_7">
			<Text>Javier</Text>
		</Row>
		<Row Tag="LOC_CITIZEN_SPAIN_MODERN_MALE_8">
			<Text>Pancho</Text>
		</Row>
		<Row Tag="LOC_CITIZEN_SPAIN_MODERN_MALE_9">
			<Text>Pepe</Text>
		</Row>
		<Row Tag="LOC_CITIZEN_SPAIN_MODERN_MALE_10">
			<Text>Santos</Text>
		</Row>
		<Row Tag="LOC_CITIZEN_SPAIN_MODERN_FEMALE_1">
			<Text>Benita</Text>
		</Row>
		<Row Tag="LOC_CITIZEN_SPAIN_MODERN_FEMALE_2">
			<Text>Dolores</Text>
		</Row>
		<Row Tag="LOC_CITIZEN_SPAIN_MODERN_FEMALE_3">
			<Text>Evita</Text>
		</Row>
		<Row Tag="LOC_CITIZEN_SPAIN_MODERN_FEMALE_4">
			<Text>Florida</Text>
		</Row>
		<Row Tag="LOC_CITIZEN_SPAIN_MODERN_FEMALE_5">
			<Text>Ignacia</Text>
		</Row>
		<Row Tag="LOC_CITIZEN_SPAIN_MODERN_FEMALE_6">
			<Text>Madalena</Text>
		</Row>
		<Row Tag="LOC_CITIZEN_SPAIN_MODERN_FEMALE_7">
			<Text>Nevada</Text>
		</Row>
		<Row Tag="LOC_CITIZEN_SPAIN_MODERN_FEMALE_8">
			<Text>Seina</Text>
		</Row>
		<Row Tag="LOC_CITIZEN_SPAIN_MODERN_FEMALE_9">
			<Text>Tabora</Text>
		</Row>
		<Row Tag="LOC_CITIZEN_SPAIN_MODERN_FEMALE_10">
			<Text>Yoana</Text>
		</Row>
		<!--Sumeria-->
		<Row Tag="LOC_CITIZEN_SUMERIA_MALE_1">
			<Text>Alad</Text>
		</Row>
		<Row Tag="LOC_CITIZEN_SUMERIA_MALE_2">
			<Text>Dari</Text>
		</Row>
		<Row Tag="LOC_CITIZEN_SUMERIA_MALE_3">
			<Text>Izila</Text>
		</Row>
		<Row Tag="LOC_CITIZEN_SUMERIA_MALE_4">
			<Text>Kuliaana</Text>
		</Row>
		<Row Tag="LOC_CITIZEN_SUMERIA_MALE_5">
			<Text>Ludari</Text>
		</Row>
		<Row Tag="LOC_CITIZEN_SUMERIA_MALE_6">
			<Text>Lusili</Text>
		</Row>
		<Row Tag="LOC_CITIZEN_SUMERIA_MALE_7">
			<Text>Meania</Text>
		</Row>
		<Row Tag="LOC_CITIZEN_SUMERIA_MALE_8">
			<Text>Sheshkala</Text>
		</Row>
		<Row Tag="LOC_CITIZEN_SUMERIA_MALE_9">
			<Text>Sisig</Text>
		</Row>
		<Row Tag="LOC_CITIZEN_SUMERIA_MALE_10">
			<Text>Zimu</Text>
		</Row>
		<Row Tag="LOC_CITIZEN_SUMERIA_FEMALE_1">
			<Text>Amarezen</Text>
		</Row>
		<Row Tag="LOC_CITIZEN_SUMERIA_FEMALE_2">
			<Text>Anusan</Text>
		</Row>
		<Row Tag="LOC_CITIZEN_SUMERIA_FEMALE_3">
			<Text>Aradegi</Text>
		</Row>
		<Row Tag="LOC_CITIZEN_SUMERIA_FEMALE_4">
			<Text>Bauninsheg</Text>
		</Row>
		<Row Tag="LOC_CITIZEN_SUMERIA_FEMALE_5">
			<Text>Garanda</Text>
		</Row>
		<Row Tag="LOC_CITIZEN_SUMERIA_FEMALE_6">
			<Text>Gemekala</Text>
		</Row>
		<Row Tag="LOC_CITIZEN_SUMERIA_FEMALE_7">
			<Text>Nigbau</Text>
		</Row>
		<Row Tag="LOC_CITIZEN_SUMERIA_FEMALE_8">
			<Text>Ninna</Text>
		</Row>
		<Row Tag="LOC_CITIZEN_SUMERIA_FEMALE_9">
			<Text>Nintuda</Text>
		</Row>
		<Row Tag="LOC_CITIZEN_SUMERIA_FEMALE_10">
			<Text>Sherzi</Text>
		</Row>
		<Row Tag="LOC_CITIZEN_SUMERIA_MODERN_MALE_1">
			<Text>Aban</Text>
		</Row>
		<Row Tag="LOC_CITIZEN_SUMERIA_MODERN_MALE_2">
			<Text>Ali</Text>
		</Row>
		<Row Tag="LOC_CITIZEN_SUMERIA_MODERN_MALE_3">
			<Text>Gabir</Text>
		</Row>
		<Row Tag="LOC_CITIZEN_SUMERIA_MODERN_MALE_4">
			<Text>Hakim</Text>
		</Row>
		<Row Tag="LOC_CITIZEN_SUMERIA_MODERN_MALE_5">
			<Text>Hussein</Text>
		</Row>
		<Row Tag="LOC_CITIZEN_SUMERIA_MODERN_MALE_6">
			<Text>Malik</Text>
		</Row>
		<Row Tag="LOC_CITIZEN_SUMERIA_MODERN_MALE_7">
			<Text>Raheem</Text>
		</Row>
		<Row Tag="LOC_CITIZEN_SUMERIA_MODERN_MALE_8">
			<Text>Uday</Text>
		</Row>
		<Row Tag="LOC_CITIZEN_SUMERIA_MODERN_MALE_9">
			<Text>Yusuf</Text>
		</Row>
		<Row Tag="LOC_CITIZEN_SUMERIA_MODERN_MALE_10">
			<Text>Zaid</Text>
		</Row>
		<Row Tag="LOC_CITIZEN_SUMERIA_MODERN_FEMALE_1">
			<Text>Aasera</Text>
		</Row>
		<Row Tag="LOC_CITIZEN_SUMERIA_MODERN_FEMALE_2">
			<Text>Aditi</Text>
		</Row>
		<Row Tag="LOC_CITIZEN_SUMERIA_MODERN_FEMALE_3">
			<Text>Bedisa</Text>
		</Row>
		<Row Tag="LOC_CITIZEN_SUMERIA_MODERN_FEMALE_4">
			<Text>Dashenka</Text>
		</Row>
		<Row Tag="LOC_CITIZEN_SUMERIA_MODERN_FEMALE_5">
			<Text>Farrah</Text>
		</Row>
		<Row Tag="LOC_CITIZEN_SUMERIA_MODERN_FEMALE_6">
			<Text>Leyla</Text>
		</Row>
		<Row Tag="LOC_CITIZEN_SUMERIA_MODERN_FEMALE_7">
			<Text>Nadira</Text>
		</Row>
		<Row Tag="LOC_CITIZEN_SUMERIA_MODERN_FEMALE_8">
			<Text>Razeena</Text>
		</Row>
		<Row Tag="LOC_CITIZEN_SUMERIA_MODERN_FEMALE_9">
			<Text>Shabeen</Text>
		</Row>
		<Row Tag="LOC_CITIZEN_SUMERIA_MODERN_FEMALE_10">
			<Text>Shada</Text>
		</Row>
	</BaseGameText>
</GameData>
