<?xml version="1.0" encoding="UTF-8" standalone="yes"?>
<GameData xmlns:xsi="http://www.w3.org/2001/XMLSchema-instance">
	<BaseGameText>
		<!-- Victories -->
		<Row Tag="LOC_COLDWAR_PROXYWAR_VICTORY_TITLE">
			<Text>Proxy War</Text>
		</Row>
		<Row Tag="LOC_COLDWAR_PROXYWAR_VICTORY_DESC">
			<Text>Capture three city-states.</Text>
		</Row>
		<Row Tag="LOC_COLDWAR_PROXYWAR_VICTORY_BLURB">
			<Text>Here's my strategy on the Cold War: we win, they lose. -  Ronald Reagan</Text>
		</Row>
		<Row Tag="LOC_COLDWAR_ARMAGEDDON_VICTORY_TITLE">
			<Text>Lord of the Armageddon</Text>
		</Row>
		<Row Tag="LOC_COLDWAR_ARMAGEDDON_VICTORY_DESC">
			<Text>If any city center is nuked, nuke the most city centers by the turn limit.</Text>
		</Row>
		<Row Tag="LOC_COLDWAR_ARMAGEDDON_VICTORY_BLURB">
			<Text>The only way to win is to not play.</Text>
		</Row>
		<Row Tag="LOC_COLDWAR_TANKBANKER_VICTORY_TITLE">
			<Text>Tank Banker</Text>
		</Row>
		<Row Tag="LOC_COLDWAR_TANKBANKER_VICTORY_DESC">
			<Text>If no city centers are nuked, have the most tanks by the turn limit.</Text>
		</Row>
		<Row Tag="LOC_COLDWAR_TANKBANKER_VICTORY_BLURB">
			<Text>You have the most tanks at the end of the game!  You win!</Text>
		</Row>
		<Row Tag="LOC_COLDWAR_RULESET_TITLE">
			<Text>Global Thermonuclear War</Text>
		</Row>
		<Row Tag="LOC_COLDWAR_RULESET_DESCRIPTION"> <!-- Keep in sync with LOC_COLDWAR_MOD_DESCRIPTION -->
			<Text>The Cold War runs hot in this combat-based scenario set in the Atomic Era. Lasts 50 Turns.[NEWLINE]Victory Conditions[NEWLINE][ICON_Bullet]Lord of the Armageddon: If any city center is nuked, nuke the most city centers by the turn limit.[NEWLINE][ICON_Bullet]Tank Banker: If no city centers are nuked, have the most tanks by the turn limit.[NEWLINE][ICON_Bullet]Proxy War: Capture 3 city-states.[NEWLINE]Gameplay Changes[NEWLINE][ICON_Bullet]Units and nuclear devices are cheaper to build and maintain. They don't require strategic resources.[NEWLINE][ICON_Bullet]Extended ranges for WMD Strikes and Bombers.[NEWLINE][ICON_Bullet]Builders have more charges for faster city development.[NEWLINE][ICON_Bullet]The map starts revealed.[NEWLINE][ICON_Bullet]No Tribal Villages.[NEWLINE][ICON_Bullet]No Barbarians.[NEWLINE][ICON_Bullet]War Weariness is disabled.</Text>
		</Row>
		
		<!-- Mod Package Text -->
		<Row Tag="LOC_COLDWAR_MOD_TITLE">
			<Text>Multiplayer Scenario: Global Thermonuclear War</Text>
		</Row>
		<Row Tag="LOC_COLDWAR_MOD_TEASER">
			<Text>The Cold War runs hot in this combat-based scenario set in the Atomic Era.  Lasts 50 Turns.</Text>
		</Row>
		<Row Tag="LOC_COLDWAR_MOD_DESCRIPTION"> <!-- Keep in sync with LOC_COLDWAR_RULESET_DESCRIPTION -->
			<Text>The Cold War runs hot in this combat-based scenario set in the Atomic Era. Lasts 50 Turns.[NEWLINE]Victory Conditions[NEWLINE][ICON_Bullet]Lord of the Armageddon: If any city center is nuked, nuke the most city centers by the turn limit.[NEWLINE][ICON_Bullet]Tank Banker: If no city centers are nuked, have the most tanks by the turn limit.[NEWLINE][ICON_Bullet]Proxy War: Capture 3 city-states.[NEWLINE]Gameplay Changes[NEWLINE][ICON_Bullet]Units and nuclear devices are cheaper to build and maintain. They don't require strategic resources.[NEWLINE][ICON_Bullet]Extended ranges for WMD Strikes and Bombers.[NEWLINE][ICON_Bullet]Builders have more charges for faster city development.[NEWLINE][ICON_Bullet]The map starts revealed.[NEWLINE][ICON_Bullet]No Tribal Villages.[NEWLINE][ICON_Bullet]No Barbarians.[NEWLINE][ICON_Bullet]War Weariness is disabled.</Text>
		</Row>
		<Row Tag="LOC_CW_GAME_TURN_LIMIT_REACHED_PROGRESS">
			<Text>Turn Limit {ElapsedTurns}/{MinGameTurn} {StatusIcon}</Text>
		</Row>
		<Row Tag="LOC_PROXYWAR_VICTORY_CAPTURE_CITY_STATES_PROGRESS">
			<Text>City States Captured {CurrentConquered}/{CityStatesConquered} {StatusIcon}</Text>
		</Row>
		<Row Tag="LOC_ARMAGEDDON_VICTORY_REQUIRES_PLAYER_HAS_MOST_WMD_DIRECT_CITY_HITS_PROGRESS">
			<Text>City Centers Nuked {NukedCityCenters} {NukeCountStatusIcon}[NEWLINE]Any City Center Nuked {NukeWarStatusIcon}</Text>
		</Row>
		<Row Tag="LOC_VICTORY_TANKBANKER_REQUIRES_PLAYER_HAS_MOST_TANKS_PROGRESS">
			<Text>Tanks Possessed {NumPromotionClass} {PromotionStatusIcon}[NEWLINE]No City Centers Nuked {NoNukeWarStatusIcon}</Text>
		</Row>
	</BaseGameText>
</GameData>
