﻿<?xml version="1.0" encoding="utf-8"?>
<!-- edited with XMLSPY v2004 rel. 2 U (http://www.xmlspy.com) by Ed Beach (Firaxis Games) -->
<GameData>
	<BaseGameText>
		<Row Tag="LOC_DIFFICULTY_SETTLER_NAME">
			<Text>Settler</Text>
		</Row>
		<Row Tag="LOC_DIFFICULTY_CHIEFTAIN_NAME">
			<Text>Chieftain</Text>
		</Row>
		<Row Tag="LOC_DIFFICULTY_WARLORD_NAME">
			<Text>Warlord</Text>
		</Row>
		<Row Tag="LOC_DIFFICULTY_PRINCE_NAME">
			<Text>Prince</Text>
		</Row>
		<Row Tag="LOC_DIFFICULTY_KING_NAME">
			<Text>King</Text>
		</Row>
		<Row Tag="LOC_DIFFICULTY_EMPEROR_NAME">
			<Text>Emperor</Text>
		</Row>
		<Row Tag="LOC_DIFFICULTY_IMMORTAL_NAME">
			<Text>Immortal</Text>
		</Row>
		<Row Tag="LOC_DIFFICULTY_DEITY_NAME">
			<Text>Deity</Text>
		</Row>
	</BaseGameText>
</GameData>
