<?xml version="1.0" encoding="utf-8"?>
<GameData>
	<BaseGameText>
		<!-- AI is Defeated -->
		<Row Tag="LOC_DIPLO_DEFEAT_FROM_AI_ANY_ANY">
			<Text>I never thought I would see the end so soon!</Text>
		</Row>
		<Row Tag="LOC_DIPLO_DEFEAT_FROM_AI_LEADER_MVEMBA_ANY">
			<Text>You are nothing but a glorified barbarian. Cruel, and ruthless.</Text>
		</Row>
		<Row Tag="LOC_DIPLO_DEFEAT_FROM_AI_LEADER_CATHERINE_DE_MEDICI_ANY">
			<Text>I have lived long enough to know when I am defeated. Carry on.</Text>
		</Row>
		<Row Tag="LOC_DIPLO_DEFEAT_FROM_AI_LEADER_CLEOPATRA_ANY">
			<Text>Egypt is lost. If I can't embrace my love, I will embrace the asps.</Text>
		</Row>
		<Row Tag="LOC_DIPLO_DEFEAT_FROM_AI_LEADER_BARBAROSSA_ANY">
			<Text>We were the august and glorious… but no, never mind that. You are victorious. May your reign be more peaceful than mine ever was.</Text>
		</Row>
		<Row Tag="LOC_DIPLO_DEFEAT_FROM_AI_LEADER_GANDHI_ANY">
			<Text>You can chain me, you can torture me, you can even destroy this body, but you will never imprison my mind.</Text>
		</Row>
		<Row Tag="LOC_DIPLO_DEFEAT_FROM_AI_LEADER_GILGAMESH_ANY">
			<Text>What treachery did this to me? No, what evil?</Text>
		</Row>
		<Row Tag="LOC_DIPLO_DEFEAT_FROM_AI_LEADER_GORGO_ANY">
			<Text>Ares has abandoned us. Sparta is defeated.</Text>
		</Row>
		<Row Tag="LOC_DIPLO_DEFEAT_FROM_AI_LEADER_HARDRADA_ANY">
			<Text>So, I will join the einherjar in Valhalla and feast, while you toil away here.</Text>
		</Row>
		<Row Tag="LOC_DIPLO_DEFEAT_FROM_AI_LEADER_HOJO_ANY">
			<Text>Please end this dishonor to my family… to my people.</Text>
		</Row>
		<Row Tag="LOC_DIPLO_DEFEAT_FROM_AI_LEADER_PEDRO_ANY">
			<Text>May God grant me these last wishes—peace and prosperity for Brazil.</Text>
		</Row>
		<Row Tag="LOC_DIPLO_DEFEAT_FROM_AI_LEADER_PERICLES_ANY">
			<Text>You may have defeated us, but what we leave behind is woven into the lives of others.</Text>
		</Row>
		<Row Tag="LOC_DIPLO_DEFEAT_FROM_AI_LEADER_PETER_GREAT_ANY">
			<Text>I am defeated.  To live one’s life is not like crossing a field.</Text>
		</Row>
		<Row Tag="LOC_DIPLO_DEFEAT_FROM_AI_LEADER_PHILIP_II_ANY">
			<Text>My lands… my Kingdom… why, God? Why have you forsaken me?</Text>
		</Row>
		<Row Tag="LOC_DIPLO_DEFEAT_FROM_AI_LEADER_QIN_ANY">
			<Text>I never thought this could happen… not like this.</Text>
		</Row>
		<Row Tag="LOC_DIPLO_DEFEAT_FROM_AI_LEADER_SALADIN_ANY">
			<Text>This is not victory. “Victory” is changing the hearts of your opponents; through gentleness, through kindness.</Text>
		</Row>
		<Row Tag="LOC_DIPLO_DEFEAT_FROM_AI_LEADER_T_ROOSEVELT_ANY">
			<Text>Congratulations. Instead of the United States of America, your nation will go far.</Text>
		</Row>
		<Row Tag="LOC_DIPLO_DEFEAT_FROM_AI_LEADER_TOMYRIS_ANY">
			<Text>The Empress falls, but I will be remembered. Will you?</Text>
		</Row>
		<Row Tag="LOC_DIPLO_DEFEAT_FROM_AI_LEADER_TRAJAN_ANY">
			<Text>The wellbeing of the defeated is to not hope for much more wellbeing.</Text>
		</Row>
		<Row Tag="LOC_DIPLO_DEFEAT_FROM_AI_LEADER_VICTORIA_ANY">
			<Text>This severe and afflicting loss will not be sustained, and England, thank providence, will ascend again.</Text>
		</Row>
				
		<!-- Human is Defeated (will see this in hotseat) -->
		<Row Tag="LOC_DIPLO_DEFEAT_FROM_HUMAN_ANY_ANY">
			<Text>I never thought I would see the end so soon!</Text>
		</Row>
		<Row Tag="LOC_DIPLO_DEFEAT_FROM_HUMAN_LEADER_MVEMBA_ANY">
			<Text>You are nothing but a glorified barbarian. Cruel, and ruthless.</Text>
		</Row>
		<Row Tag="LOC_DIPLO_DEFEAT_FROM_HUMAN_LEADER_CATHERINE_DE_MEDICI_ANY">
			<Text>I have lived long enough to know when I am defeated. Carry on.</Text>
		</Row>
		<Row Tag="LOC_DIPLO_DEFEAT_FROM_HUMAN_LEADER_CLEOPATRA_ANY">
			<Text>Egypt is lost. If I can't embrace my love, I will embrace the asps.</Text>
		</Row>
		<Row Tag="LOC_DIPLO_DEFEAT_FROM_HUMAN_LEADER_BARBAROSSA_ANY">
			<Text>We were the august and glorious… but no, never mind that. You are victorious. May your reign be more peaceful than mine ever was.</Text>
		</Row>
		<Row Tag="LOC_DIPLO_DEFEAT_FROM_HUMAN_LEADER_GANDHI_ANY">
			<Text>You can chain me, you can torture me, you can even destroy this body, but you will never imprison my mind.</Text>
		</Row>
		<Row Tag="LOC_DIPLO_DEFEAT_FROM_HUMAN_LEADER_GILGAMESH_ANY">
			<Text>What treachery did this to me? No, what evil?</Text>
		</Row>
		<Row Tag="LOC_DIPLO_DEFEAT_FROM_HUMAN_LEADER_GORGO_ANY">
			<Text>Ares has abandoned us. Sparta is defeated.</Text>
		</Row>
		<Row Tag="LOC_DIPLO_DEFEAT_FROM_HUMAN_LEADER_HARDRADA_ANY">
			<Text>So, I will join the einherjar in Valhalla and feast, while you toil away here.</Text>
		</Row>
		<Row Tag="LOC_DIPLO_DEFEAT_FROM_HUMAN_LEADER_HOJO_ANY">
			<Text>Please end this dishonor to my family… to my people.</Text>
		</Row>
		<Row Tag="LOC_DIPLO_DEFEAT_FROM_HUMAN_LEADER_MONTEZUMA_ANY">
			<Text>Huitzilopochtli forgive our weakness… my weakness. I was not strong enough to serve you.</Text>
		</Row>
		<Row Tag="LOC_DIPLO_DEFEAT_FROM_HUMAN_LEADER_PEDRO_ANY">
			<Text>May God grant me these last wishes—peace and prosperity for Brazil.</Text>
		</Row>
		<Row Tag="LOC_DIPLO_DEFEAT_FROM_HUMAN_LEADER_PERICLES_ANY">
			<Text>You may have defeated us, but what we leave behind is woven into the lives of others.</Text>
		</Row>
		<Row Tag="LOC_DIPLO_DEFEAT_FROM_HUMAN_LEADER_PETER_GREAT_ANY">
			<Text>I am defeated.  To live one’s life is not like crossing a field.</Text>
		</Row>
		<Row Tag="LOC_DIPLO_DEFEAT_FROM_HUMAN_LEADER_PHILIP_II_ANY">
			<Text>My lands… my Kingdom… why, God? Why have you forsaken me?</Text>
		</Row>
		<Row Tag="LOC_DIPLO_DEFEAT_FROM_HUMAN_LEADER_QIN_ANY">
			<Text>I never thought this could happen… not like this.</Text>
		</Row>
		<Row Tag="LOC_DIPLO_DEFEAT_FROM_HUMAN_LEADER_SALADIN_ANY">
			<Text>This is not victory. “Victory” is changing the hearts of your opponents; through gentleness, through kindness.</Text>
		</Row>
		<Row Tag="LOC_DIPLO_DEFEAT_FROM_HUMAN_LEADER_T_ROOSEVELT_ANY">
			<Text>Congratulations. Instead of the United States of America, your nation will go far.</Text>
		</Row>
		<Row Tag="LOC_DIPLO_DEFEAT_FROM_HUMAN_LEADER_TOMYRIS_ANY">
			<Text>The Empress falls, but I will be remembered. Will you?</Text>
		</Row>
		<Row Tag="LOC_DIPLO_DEFEAT_FROM_HUMAN_LEADER_TRAJAN_ANY">
			<Text>The wellbeing of the defeated is to not hope for much more wellbeing.</Text>
		</Row>
		<Row Tag="LOC_DIPLO_DEFEAT_FROM_HUMAN_LEADER_VICTORIA_ANY">
			<Text>This severe and afflicting loss will not be sustained, and England, thank providence, will ascend again.</Text>
		</Row>
		
	</BaseGameText>
</GameData>
