<?xml version="1.0" encoding="utf-8"?>
<!-- edited with XMLSPY v2004 rel. 2 U (http://www.xmlspy.com) by Ed Beach (Firaxis Games) -->
<GameData>
	<BaseGameText>
		<!-- AI responses -->
		<Row Tag="LOC_DIPLO_WARNING_DONT_SETTLE_NEAR_ME_AI_RESPONSE_POSITIVE_ANY_ANY">
			<Text>My sincerest apologies! I didn't notice your city was so close.</Text>
		</Row>
		<Row Tag="LOC_DIPLO_WARNING_DONT_SETTLE_NEAR_ME_AI_RESPONSE_NEGATIVE_ANY_ANY">
			<Text>My people need land. Who are you to say that they cannot have it?</Text>
		</Row>
		<Row Tag="LOC_DIPLO_WARNING_DONT_SETTLE_NEAR_ME_AI_ANY_ANY">
			<Text>Your people settle too close! You should consider seeking land elsewhere.</Text>
		</Row>
		<Row Tag="LOC_DIPLO_WARNING_DONT_SETTLE_NEAR_ME_HUMAN_RESPONSE_POSITIVE_ANY_ANY">
			<Text>Thank you.</Text>
		</Row>
		<Row Tag="LOC_DIPLO_WARNING_DONT_SETTLE_NEAR_ME_HUMAN_RESPONSE_NEGATIVE_ANY_ANY">
			<Text>If you cannot respect our lands, then I will not respect you.</Text>
		</Row>

		<Row Tag="LOC_DIPLO_WARNING_TOO_MANY_TROOPS_NEAR_ME_AI_RESPONSE_POSITIVE_ANY_ANY">
			<Text>Apologies, we were just looking for some Barbarians to hassle.</Text>
		</Row>
		<Row Tag="LOC_DIPLO_WARNING_TOO_MANY_TROOPS_NEAR_ME_AI_RESPONSE_NEGATIVE_ANY_ANY">
			<Text>I like marching my troops around, it shows how powerful I am if you get my drift.</Text>
		</Row>

		<Row Tag="LOC_DIPLO_WARNING_STOP_SPYING_ON_ME_AI_RESPONSE_POSITIVE_ANY_ANY">
			<Text>Yes, you're right. I regret that I had to resort to such tactics. It won't happen again.</Text>
		</Row>
		<Row Tag="LOC_DIPLO_WARNING_STOP_SPYING_ON_ME_AI_RESPONSE_NEGATIVE_ANY_ANY">
			<Text>Hah! What makes you think I would make that kind of promise?</Text>
		</Row>

		<Row Tag="LOC_DIPLO_WARNING_STOP_DIGGING_UP_ARTIFACTS_AI_RESPONSE_POSITIVE_ANY_ANY">
		  <Text>I hadn't realized that you laid claim to these lands. It was a simple mistake.</Text>
		</Row>
		<Row Tag="LOC_DIPLO_WARNING_STOP_DIGGING_UP_ARTIFACTS_AI_RESPONSE_NEGATIVE_ANY_ANY">
		  <Text>The mysteries of the past are free to everyone. You cannot claim them!</Text>
		</Row>

		<Row Tag="LOC_DIPLO_WARNING_STOP_CONVERTING_MY_CITIES_AI_RESPONSE_POSITIVE_ANY_ANY">
		  <Text>Though I will respect your wishes, I am disappointed that you cannot see the error of your ways.</Text>
		</Row>
		<Row Tag="LOC_DIPLO_WARNING_STOP_CONVERTING_MY_CITIES_AI_RESPONSE_NEGATIVE_ANY_ANY">
		  <Text>No, no. This is for the best. You will see, I assure you.</Text>
		</Row>
    
    <!-- AI warns player -->
		<Row Tag="LOC_DIPLO_WARNING_TOO_MANY_TROOPS_NEAR_ME_ANY_ANY">
			<Text>Your troops tread too close to my borders. I hope it's just to view our picturesque countryside.</Text>
		</Row>
		<Row Tag="LOC_DIPLO_WARNING_TOO_MANY_TROOPS_NEAR_ME_LEADER_MVEMBA_ANY">
			<Text>Your army is at our doorstep. Do you think we are blind? Move them, or we will be forced to action.</Text>
		</Row>
		<Row Tag="LOC_DIPLO_WARNING_TOO_MANY_TROOPS_NEAR_ME_LEADER_CATHERINE_DE_MEDICI_ANY">
			<Text>Do you think to intimidate us with force? That will not go well for you, at all.</Text>
		</Row>
		<Row Tag="LOC_DIPLO_WARNING_TOO_MANY_TROOPS_NEAR_ME_LEADER_CLEOPATRA_ANY">
			<Text>Like the Eye of Ra, I see all. Did you think I would not notice your army at my borders? I would suggest you move them.</Text>
		</Row>
		<Row Tag="LOC_DIPLO_WARNING_TOO_MANY_TROOPS_NEAR_ME_LEADER_BARBAROSSA_ANY">
			<Text>If you think we are blind to your army, you are naive. Move them away from Germany, or suffer the consequences.</Text>
		</Row>
		<Row Tag="LOC_DIPLO_WARNING_TOO_MANY_TROOPS_NEAR_ME_LEADER_GANDHI_ANY">
			<Text>Please, friend, move your soldiers from my borders. They make a peaceful man like me nervous.</Text>
		</Row>
		<Row Tag="LOC_DIPLO_WARNING_TOO_MANY_TROOPS_NEAR_ME_LEADER_GILGAMESH_ANY">
			<Text>Gilgamesh will tear your army apart with his own hands if you do not move them.</Text>
		</Row>
		<Row Tag="LOC_DIPLO_WARNING_TOO_MANY_TROOPS_NEAR_ME_LEADER_GORGO_ANY">
			<Text>Move your army from our borders or we will move them for you.</Text>
		</Row>
		<Row Tag="LOC_DIPLO_WARNING_TOO_MANY_TROOPS_NEAR_ME_LEADER_HARDRADA_ANY">
			<Text>I don’t remember asking to see your troops, are you that hungry for war?</Text>
		</Row>
		<Row Tag="LOC_DIPLO_WARNING_TOO_MANY_TROOPS_NEAR_ME_LEADER_HOJO_ANY">
			<Text>Do not show your blade unless you mean to strike. Move your soldiers from our lands.</Text>
		</Row>
		<Row Tag="LOC_DIPLO_WARNING_TOO_MANY_TROOPS_NEAR_ME_LEADER_PEDRO_ANY">
			<Text>Your troops tread too close to my borders. I hope it's just to view our picturesque countryside.</Text>
		</Row>
		<Row Tag="LOC_DIPLO_WARNING_TOO_MANY_TROOPS_NEAR_ME_LEADER_PERICLES_ANY">
			<Text>If you are trying to intimidate us with your army, it’s not working. Move them, or face the consequences.</Text>
		</Row>
		<Row Tag="LOC_DIPLO_WARNING_TOO_MANY_TROOPS_NEAR_ME_LEADER_PETER_GREAT_ANY">
			<Text>Your military threatens my very borders… do you expect me to sit here and do nothing?</Text>
		</Row>
		<Row Tag="LOC_DIPLO_WARNING_TOO_MANY_TROOPS_NEAR_ME_LEADER_PHILIP_II_ANY">
			<Text>Do not presume you can keep your soldiers on my borders without repercussions. Move them at once.</Text>
		</Row>
		<Row Tag="LOC_DIPLO_WARNING_TOO_MANY_TROOPS_NEAR_ME_LEADER_QIN_ANY">
			<Text>Your army has relinquished any advantage of surprise. Withdraw your forces, and rethink your strategy.</Text>
		</Row>
		<Row Tag="LOC_DIPLO_WARNING_TOO_MANY_TROOPS_NEAR_ME_LEADER_SALADIN_ANY">
			<Text>I would be blind to not see your army in front of me. Please, move them from our borders, unless… you anticipate war?</Text>
		</Row>
		<Row Tag="LOC_DIPLO_WARNING_TOO_MANY_TROOPS_NEAR_ME_LEADER_T_ROOSEVELT_ANY">
			<Text>You march your troops so close to our borders that I am beginning to question your integrity.</Text>
		</Row>
		<Row Tag="LOC_DIPLO_WARNING_TOO_MANY_TROOPS_NEAR_ME_LEADER_TOMYRIS_ANY">
			<Text>Your troops tread too close to my borders. I hope it's just to view our picturesque countryside.</Text>
		</Row>
		<Row Tag="LOC_DIPLO_WARNING_TOO_MANY_TROOPS_NEAR_ME_LEADER_TRAJAN_ANY">
			<Text>Your soldiers are only a few steps from being invaders. Move them from our borders at once!</Text>
		</Row>
		<Row Tag="LOC_DIPLO_WARNING_TOO_MANY_TROOPS_NEAR_ME_LEADER_VICTORIA_ANY">
			<Text>Your army is not welcome at our borders. Remove them at once.</Text>
		</Row>
		<Row Tag="LOC_DIPLO_WARNING_TOO_MANY_TROOPS_NEAR_ME_HUMAN_RESPONSE_POSITIVE_ANY_ANY">
			<Text>Thank you.</Text>
		</Row>

		<Row Tag="LOC_DIPLO_WARNING_STOP_SPYING_ON_ME_LEADER_ANY_ANY">
		  <Text>I should have known you'd stoop so low as to use espionage against me. Remove your spies at once!</Text>
		</Row>
		<Row Tag="LOC_DIPLO_WARNING_STOP_SPYING_ON_ME_HUMAN_RESPONSE_POSITIVE_ANY_ANY">
		  <Text>Thank you.</Text>
		</Row>
		<Row Tag="LOC_DIPLO_WARNING_STOP_SPYING_ON_ME_HUMAN_RESPONSE_NEGATIVE_ANY_ANY">
		  <Text>I will remember this insult. You can be sure of that!</Text>
		</Row>

		<Row Tag="LOC_DIPLO_WARNING_STOP_DIGGING_UP_ARTIFACTS_LEADER_ANY_ANY">
		  <Text>Our cultural history is not yours to plunder. It is time for you to leave our lands!</Text>
		</Row>
		<Row Tag="LOC_DIPLO_WARNING_STOP_DIGGING_UP_ARTIFACTS_HUMAN_RESPONSE_POSITIVE_ANY_ANY">
		  <Text>Thank you.</Text>
		</Row>
		<Row Tag="LOC_DIPLO_WARNING_STOP_DIGGING_UP_ARTIFACTS_HUMAN_RESPONSE_NEGATIVE_ANY_ANY">
		  <Text>If you cannot respect our lands, then I will not respect you.</Text>
		</Row>

		<Row Tag="LOC_DIPLO_WARNING_STOP_CONVERTING_MY_CITIES_LEADER_ANY_ANY">
		  <Text>Your proselytizers are not welcome among my people. I must ask that you remove them immediately.</Text>
		</Row>
		<Row Tag="LOC_DIPLO_WARNING_STOP_CONVERTING_MY_CITIES_HUMAN_RESPONSE_POSITIVE_ANY_ANY">
		  <Text>Thank you.</Text>
		</Row>
		<Row Tag="LOC_DIPLO_WARNING_STOP_CONVERTING_MY_CITIES_HUMAN_RESPONSE_NEGATIVE_ANY_ANY">
		  <Text>I assure you there will be consequences for this - if not now, then later.</Text>
		</Row>

		<!-- Human Choices -->
		<Row Tag="LOC_DIPLO_WARNING_DONT_SETTLE_NEAR_ME_CHOICE_NEGATIVE">
			<Text>My people will settle where they please!</Text>
		</Row>
		<Row Tag="LOC_DIPLO_WARNING_DONT_SETTLE_NEAR_ME_CHOICE_POSITIVE">
			<Text>Apologies, I will look elsewhere in the future.</Text>
		</Row>

		<Row Tag="LOC_DIPLO_WARNING_TOO_MANY_TROOPS_NEAR_ME_CHOICE_NEGATIVE">
			<Text>You were right to worry (Declare War)!</Text>
		</Row>
		<Row Tag="LOC_DIPLO_WARNING_TOO_MANY_TROOPS_NEAR_ME_CHOICE_POSITIVE">
			<Text>My troops are merely passing by.</Text>
		</Row>

		<Row Tag="LOC_DIPLO_WARNING_STOP_SPYING_ON_ME_CHOICE_NEGATIVE">
		  <Text>I cannot promise that.</Text>
		</Row>
		<Row Tag="LOC_DIPLO_WARNING_STOP_SPYING_ON_ME_CHOICE_POSITIVE">
		  <Text>I apologize, I will cease these operations at once.</Text>
		</Row>

		<Row Tag="LOC_DIPLO_WARNING_STOP_DIGGING_UP_ARTIFACTS_CHOICE_NEGATIVE">
		  <Text>You cannot lay claim to history. I will dig where I please.</Text>
		</Row>
		<Row Tag="LOC_DIPLO_WARNING_STOP_DIGGING_UP_ARTIFACTS_CHOICE_POSITIVE">
		  <Text>Apologies, I will move my Archaeologists elsewhere.</Text>
		</Row>

		<Row Tag="LOC_DIPLO_WARNING_STOP_CONVERTING_MY_CITIES_CHOICE_NEGATIVE">
		  <Text>If it is God's will that your people believe in our ways, who am I to stop it?</Text>
		</Row>
		<Row Tag="LOC_DIPLO_WARNING_STOP_CONVERTING_MY_CITIES_CHOICE_POSITIVE">
		  <Text>I'm sorry, I thought my people would be welcome. I was mistaken.</Text>
		</Row>
    
		<!-- Confirmation of War -->
		<Row Tag="LOC_DIPLO_WARNING_DECLARE_WAR_FROM_UNIT_ATTACK_INFO">
			<Text>Making this move will start a war with {1_CivName}!</Text>
		</Row>
		<Row Tag="LOC_DIPLO_WARNING_DECLARE_WAR_FROM_UNIT_ATTACK_INFO_MULTIPLE">
			<Text>Making this move will start a war with:</Text>
		</Row>
		<Row Tag="LOC_DIPLO_WARNING_STRIKE_OWN_TERRITORY">
			<Text>Making this move will strike your own territory.</Text>
		</Row>
		<Row Tag="LOC_DIPLO_WARNING_STRIKE_AFFECTS_ALLY">
			<Text>Making this attack will have consequences with one of your allies.</Text>
		</Row>
		<Row Tag="LOC_DIPLO_WARNING_BLIND_ATTACK">
			<Text>Making this blind attack may result in unintended consequences.</Text>
		</Row>
		<Row Tag="LOC_DIPLO_WARNING_DECLARE_WAR_FROM_UNIT_ATTACK_CONFIRMATION">
		  <Text>Are you sure you want to do this?</Text>
		</Row>
	</BaseGameText>
</GameData>
