<?xml version="1.0" encoding="utf-8"?>
<GameData>
	<EnglishText>
		<Row Tag="LOC_GREAT_WARLORDS_MOD_TITLE">
			<Text>Great Commanders Leader Pack</Text>
		</Row>
		<Row Tag="LOC_GREAT_WARLORDS_MOD_TEASER">
			<Text>New Alternate Leaders - Tokugawa of Japan, Nader Shah of Persia, and Suleiman (Muhteşem) of the Ottomans</Text>
		</Row>
		<Row Tag="LOC_GREAT_WARLORDS_MOD_DESCRIPTION">
			<Text>Contains 3 new alternative Leaders for existing Civilizations. Includes Tokugawa, Nader Shah, and Suleiman (Muhteşem).</Text>
		</Row>
	</EnglishText>
</GameData>
