<?xml version="1.0" encoding="utf-8"?>
<GameData>
	<EnglishText>
		<Row Tag="LOC_GREAT_NEGOTIATORS_MOD_TITLE">
			<Text>Great Negotiators Leader Pack</Text>
		</Row>
		<Row Tag="LOC_GREAT_NEGOTIATORS_MOD_TEASER">
			<Text>New Alternate Leaders - Abraham Lincoln of America, Nzinga Mbande of Kongo, and Saladin (Sultan) of Arabia</Text>
		</Row>
		<Row Tag="LOC_GREAT_NEGOTIATORS_MOD_DESCRIPTION">
			<Text>Contains 3 new alternative Leaders for existing Civilizations. Includes Abraham Lincoln, Nzinga Mbande, and Saladin (Sultan).</Text>
		</Row>
	</EnglishText>
</GameData>
