<?xml version="1.0" encoding="utf-8"?>
<!-- edited with XMLSPY v2004 rel. 2 U (http://www.xmlspy.com) by Ed Beach (Firaxis Games) -->
<GameData>
	<BaseGameText>
		<!--RELIGIONS-->
		<Row Tag="LOC_RELIGION_PANTHEON">
			<Text>Pantheon</Text>
		</Row>
		<Row Tag="LOC_RELIGION_BUDDHISM">
			<Text>Buddhism</Text>
		</Row>
		<Row Tag="LOC_RELIGION_CATHOLICISM">
			<Text>Catholicism</Text>
		</Row>
		<Row Tag="LOC_RELIGION_CONFUCIANISM">
			<Text>Confucianism</Text>
		</Row>
		<Row Tag="LOC_RELIGION_HINDUISM">
			<Text>Hinduism</Text>
		</Row>
		<Row Tag="LOC_RELIGION_ISLAM">
			<Text>Islam</Text>
		</Row>
		<Row Tag="LOC_RELIGION_JUDAISM">
			<Text>Judaism</Text>
		</Row>
		<Row Tag="LOC_RELIGION_ORTHODOXY">
			<Text>Eastern Orthodoxy</Text>
		</Row>
		<Row Tag="LOC_RELIGION_PROTESTANTISM">
			<Text>Protestantism</Text>
		</Row>
		<Row Tag="LOC_RELIGION_SHINTO">
			<Text>Shinto</Text>
		</Row>
		<Row Tag="LOC_RELIGION_SIKHISM">
			<Text>Sikhism</Text>
		</Row>
		<Row Tag="LOC_RELIGION_TAOISM">
			<Text>Taoism</Text>
		</Row>
		<Row Tag="LOC_RELIGION_ZOROASTRIANISM">
			<Text>Zoroastrianism</Text>
		</Row>
		<!--BELIEF CLASSES-->
		<Row Tag="LOC_BELIEF_CLASS_PANTHEON_NAME">
			<Text>Pantheon</Text>
		</Row>
		<Row Tag="LOC_BELIEF_CLASS_FOLLOWER_NAME">
			<Text>Follower</Text>
		</Row>
		<Row Tag="LOC_BELIEF_CLASS_WORSHIP_NAME">
			<Text>Worship</Text>
		</Row>
		<Row Tag="LOC_BELIEF_CLASS_FOUNDER_NAME">
			<Text>Founder</Text>
		</Row>
		<Row Tag="LOC_BELIEF_CLASS_ENHANCER_NAME">
			<Text>Enhancer</Text>
		</Row>
		<!--MISCELLANEOUS-->
		<Row Tag="LOC_RELIGION_MARTYRED_APOSTLE">
			<Text>Martyred Apostle</Text>
		</Row>
    <Row Tag="LOC_RELIC_TRIBAL_VILLAGE">
      <Text>Tribal Village</Text>
    </Row>
    <Row Tag="LOC_RELIC_GOVERNOR">
      <Text>Governor</Text>
    </Row>
    <Row Tag="LOC_RELIC_CITY_STATE">
      <Text>Suzerain</Text>
    </Row>
		<!--PANTHEON NAMES-->
		<!--1. PANTHEON BELIEFS-->
		<!--Pantheon - Adjacency Bonuses-->
		<Row Tag="LOC_BELIEF_DANCE_OF_THE_AURORA_NAME">
			<Text>Dance of the Aurora</Text>
		</Row>
		<Row Tag="LOC_BELIEF_DESERT_FOLKLORE_NAME">
			<Text>Desert Folklore</Text>
		</Row>
		<Row Tag="LOC_BELIEF_SACRED_PATH_NAME">
			<Text>Sacred Path</Text>
		</Row>
		<!--Pantheon - Amenity Bonuses-->
		<Row Tag="LOC_BELIEF_RIVER_GODDESS_NAME">
			<Text>River Goddess</Text>
		</Row>
		<!--Pantheon - Gameplay Race Bonuses-->
		<Row Tag="LOC_BELIEF_MONUMENT_TO_THE_GODS_NAME">
			<Text>Monument to the Gods</Text>
		</Row>
		<Row Tag="LOC_BELIEF_DIVINE_SPARK_NAME">
			<Text>Divine Spark</Text>
		</Row>
		<!--Pantheon - Local Feature Bonuses-->
		<Row Tag="LOC_BELIEF_LADY_OF_THE_REEDS_AND_MARSHES_NAME">
			<Text>Lady of the Reeds and Marshes</Text>
		</Row>
		<!--Pantheon - Local Resource Bonuses-->
		<Row Tag="LOC_BELIEF_GOD_OF_THE_SEA_NAME">
			<Text>God of the Sea</Text>
		</Row>
		<Row Tag="LOC_BELIEF_GOD_OF_THE_OPEN_SKY_NAME">
			<Text>God of the Open Sky</Text>
		</Row>
		<Row Tag="LOC_BELIEF_GODDESS_OF_THE_HUNT_NAME">
			<Text>Goddess of the Hunt</Text>
		</Row>
		<Row Tag="LOC_BELIEF_STONE_CIRCLES_NAME">
			<Text>Stone Circles</Text>
		</Row>
		<Row Tag="LOC_BELIEF_RELIGIOUS_IDOLS_NAME">
			<Text>Religious Idols</Text>
		</Row>
		<Row Tag="LOC_BELIEF_GOD_OF_CRAFTSMEN_NAME">
			<Text>God of Craftsmen</Text>
		</Row>
		<Row Tag="LOC_BELIEF_GODDESS_OF_FESTIVALS_NAME">
			<Text>Goddess of Festivals</Text>
		</Row>
		<Row Tag="LOC_BELIEF_ORAL_TRADITION_NAME">
			<Text>Oral Tradition</Text>
		</Row>
		<!--Pantheon - Military -->
		<Row Tag="LOC_BELIEF_GOD_OF_THE_FORGE_NAME">
			<Text>God of the Forge</Text>
		</Row>
		<Row Tag="LOC_BELIEF_GOD_OF_WAR_NAME">
			<Text>God of War</Text>
		</Row>
		<Row Tag="LOC_BELIEF_INITIATION_RITES_NAME">
			<Text>Initiation Rites</Text>
		</Row>
		<Row Tag="LOC_BELIEF_GOD_OF_HEALING_NAME">
			<Text>God of Healing</Text>
		</Row>
		<!--Pantheon - General Purpose-->
		<Row Tag="LOC_BELIEF_FERTILITY_RITES_NAME">
			<Text>Fertility Rites</Text>
		</Row>
		<Row Tag="LOC_BELIEF_RELIGIOUS_SETTLEMENTS_NAME">
			<Text>Religious Settlements</Text>
		</Row>
		<Row Tag="LOC_BELIEF_GODDESS_OF_THE_HARVEST_NAME">
			<Text>Goddess of the Harvest</Text>
		</Row>
		<Row Tag="LOC_BELIEF_CITY_PATRON_GODDESS_NAME">
			<Text>City Patron Goddess</Text>
		</Row>
		<Row Tag="LOC_BELIEF_EARTH_GODDESS_NAME">
			<Text>Earth Goddess</Text>
		</Row>
		<!--2. WORSHIP BELIEFS-->
		<Row Tag="LOC_BELIEF_CATHEDRAL_NAME">
			<Text>Cathedral</Text>
		</Row>
		<Row Tag="LOC_BELIEF_DAR_E_MEHR_NAME">
			<Text>Dar-e Mehr</Text>
		</Row>
		<Row Tag="LOC_BELIEF_GURDWARA_NAME">
			<Text>Gurdwara</Text>
		</Row>
		<Row Tag="LOC_BELIEF_MEETING_HOUSE_NAME">
			<Text>Meeting House</Text>
		</Row>
		<Row Tag="LOC_BELIEF_MOSQUE_NAME">
			<Text>Mosque</Text>
		</Row>
		<Row Tag="LOC_BELIEF_PAGODA_NAME">
			<Text>Pagoda</Text>
		</Row>
		<Row Tag="LOC_BELIEF_STUPA_NAME">
			<Text>Stupa</Text>
		</Row>
		<Row Tag="LOC_BELIEF_SYNAGOGUE_NAME">
			<Text>Synagogue</Text>
		</Row>
		<Row Tag="LOC_BELIEF_WAT_NAME">
			<Text>Wat</Text>
		</Row>
		<!--3. FOLLOWER BELIEFS-->
		<Row Tag="LOC_BELIEF_CHORAL_MUSIC_NAME">
			<Text>Choral Music</Text>
		</Row>
		<Row Tag="LOC_BELIEF_DIVINE_INSPIRATION_NAME">
			<Text>Divine Inspiration</Text>
		</Row>
		<Row Tag="LOC_BELIEF_FEED_THE_WORLD_NAME">
			<Text>Feed the World</Text>
		</Row>
		<Row Tag="LOC_BELIEF_JESUIT_EDUCATION_NAME">
			<Text>Jesuit Education</Text>
		</Row>
		<Row Tag="LOC_BELIEF_RELIQUARIES_NAME">
			<Text>Reliquaries</Text>
		</Row>
		<Row Tag="LOC_BELIEF_RELIGIOUS_COMMUNITY_NAME">
			<Text>Religious Community</Text>
		</Row>
		<Row Tag="LOC_BELIEF_WARRIOR_MONKS_NAME">
			<Text>Warrior Monks</Text>
		</Row>
		<Row Tag="LOC_BELIEF_WORK_ETHIC_NAME">
			<Text>Work Ethic</Text>
		</Row>
		<Row Tag="LOC_BELIEF_ZEN_MEDITATION_NAME">
			<Text>Zen Meditation</Text>
		</Row>
		<!--4. FOUNDER BELIEFS-->
		<Row Tag="LOC_BELIEF_CHURCH_PROPERTY_NAME">
			<Text>Church Property</Text>
		</Row>
		<Row Tag="LOC_BELIEF_CROSS_CULTURAL_DIALOGUE_NAME">
			<Text>Cross-Cultural Dialogue</Text>
		</Row>
		<Row Tag="LOC_BELIEF_LAY_MINISTRY_NAME">
			<Text>Lay Ministry</Text>
		</Row>
		<Row Tag="LOC_BELIEF_PAPAL_PRIMACY_NAME">
			<Text>Papal Primacy</Text>
		</Row>
		<Row Tag="LOC_BELIEF_PILGRIMAGE_NAME">
			<Text>Pilgrimage</Text>
		</Row>
		<Row Tag="LOC_BELIEF_RELIGIOUS_UNITY_NAME">
			<Text>Religious Unity</Text>
		</Row>
		<Row Tag="LOC_BELIEF_STEWARDSHIP_NAME">
			<Text>Stewardship</Text>
		</Row>
		<Row Tag="LOC_BELIEF_TITHE_NAME">
			<Text>Tithe</Text>
		</Row>
		<Row Tag="LOC_BELIEF_WORLD_CHURCH_NAME">
			<Text>World Church</Text>
		</Row>
		<!--5. ENHANCER BELIEFS-->
		<Row Tag="LOC_BELIEF_BURIAL_GROUNDS_NAME">
			<Text>Burial Grounds</Text>
		</Row>
		<Row Tag="LOC_BELIEF_DEFENDER_OF_FAITH_NAME">
			<Text>Defender of the Faith</Text>
		</Row>
		<Row Tag="LOC_BELIEF_HOLY_ORDER_NAME">
			<Text>Holy Order</Text>
		</Row>
		<Row Tag="LOC_BELIEF_ITINERANT_PREACHERS_NAME">
			<Text>Itinerant Preachers</Text>
		</Row>
		<Row Tag="LOC_BELIEF_JUST_WAR_NAME">
			<Text>Crusade</Text>
		</Row>
		<Row Tag="LOC_BELIEF_MISSIONARY_ZEAL_NAME">
			<Text>Missionary Zeal</Text>
		</Row>
		<Row Tag="LOC_BELIEF_MONASTIC_ISOLATION_NAME">
			<Text>Monastic Isolation</Text>
		</Row>
		<Row Tag="LOC_BELIEF_RELIGIOUS_COLONIZATION_NAME">
			<Text>Religious Colonization</Text>
		</Row>
		<Row Tag="LOC_BELIEF_SCRIPTURE_NAME">
			<Text>Scripture</Text>
		</Row>
		<!--PANTHEON DESCRIPTIONS-->
		<!--1. PANTHEON BELIEFS-->
		<!--Pantheon - Adjacency Bonuses-->
		<Row Tag="LOC_BELIEF_DANCE_OF_THE_AURORA_DESCRIPTION">
			<Text>Holy Site districts get +1 [ICON_Faith] Faith from adjacent Tundra tiles.</Text>
		</Row>
		<Row Tag="LOC_BELIEF_DESERT_FOLKLORE_DESCRIPTION">
			<Text>Holy Site districts get +1 [ICON_Faith] Faith from adjacent Desert tiles.</Text>
		</Row>
		<Row Tag="LOC_BELIEF_SACRED_PATH_DESCRIPTION">
			<Text>Holy Site districts get +1 [ICON_Faith] Faith from adjacent Rainforest tiles.</Text>
		</Row>
		<!--Pantheon - Amenity Bonuses-->
		<Row Tag="LOC_BELIEF_RIVER_GODDESS_DESCRIPTION">
			<Text>+1 [ICON_Amenities] Amenity to cities if they have a Holy Site district adjacent to a River.</Text>
		</Row>
		<!--Pantheon - Gameplay Race Bonuses-->
		<Row Tag="LOC_BELIEF_MONUMENT_TO_THE_GODS_DESCRIPTION">
			<Text>+15% [ICON_Production] Production towards Ancient and Classical era wonders.</Text>
		</Row>
		<Row Tag="LOC_BELIEF_DIVINE_SPARK_DESCRIPTION">
			<Text>+1 [ICON_GreatPerson] Great Person point from Holy Site (Prophet), Campus (Scientist), and Theater Square (Writer) districts.</Text>
		</Row>
		<!--Pantheon - Local Feature Bonuses-->
		<Row Tag="LOC_BELIEF_LADY_OF_THE_REEDS_AND_MARSHES_DESCRIPTION">
			<Text>+1 [ICON_Production] Production from Marsh, Oasis, and Floodplains.</Text>
		</Row>
		<!--Pantheon - Local Resource Bonuses-->
		<Row Tag="LOC_BELIEF_GOD_OF_THE_SEA_DESCRIPTION">
			<Text>+1 [ICON_Production] Production from Fishing Boats.</Text>
		</Row>
		<Row Tag="LOC_BELIEF_GOD_OF_THE_OPEN_SKY_DESCRIPTION">
			<Text>+1 [ICON_Culture] Culture from Pastures.</Text>
		</Row>
		<Row Tag="LOC_BELIEF_GODDESS_OF_THE_HUNT_DESCRIPTION">
			<Text>+1 [ICON_Food] Food from Camps.</Text>
		</Row>
		<Row Tag="LOC_BELIEF_STONE_CIRCLES_DESCRIPTION">
			<Text>+2 [ICON_Faith] Faith from Quarries.</Text>
		</Row>
		<Row Tag="LOC_BELIEF_RELIGIOUS_IDOLS_DESCRIPTION">
			<Text>+2 [ICON_Faith] Faith from Mines over Luxury and Bonus resources.</Text>
		</Row>
		<Row Tag="LOC_BELIEF_GOD_OF_CRAFTSMEN_DESCRIPTION">
			<Text>+1 [ICON_Production] Production from Mines over Strategic resources.</Text>
		</Row>
		<Row Tag="LOC_BELIEF_GODDESS_OF_FESTIVALS_DESCRIPTION">
			<Text>+1 [ICON_Food] Food from [ICON_RESOURCE_WINE] Wine, [ICON_RESOURCE_INCENSE] Incense, [ICON_RESOURCE_COCOA] Cocoa, [ICON_RESOURCE_TOBACCO] Tobacco, [ICON_RESOURCE_COFFEE] Coffee, and [ICON_RESOURCE_TEA] Tea Plantations.</Text>
		</Row>
		<Row Tag="LOC_BELIEF_ORAL_TRADITION_DESCRIPTION">
			<Text>+1 [ICON_Culture] Culture from [ICON_RESOURCE_BANANAS] Banana, [ICON_RESOURCE_CITRUS] Citrus, [ICON_RESOURCE_COTTON] Cotton, [ICON_RESOURCE_DYES] Dyes, [ICON_RESOURCE_SILK] Silk, [ICON_RESOURCE_SPICES] Spices, and [ICON_RESOURCE_SUGAR] Sugar Plantations.</Text>
		</Row>
		<!--Pantheon - Military -->
		<Row Tag="LOC_BELIEF_GOD_OF_THE_FORGE_DESCRIPTION">
			<Text>+25% [ICON_Production] Production toward Ancient and Classical military units.</Text>
		</Row>
		<Row Tag="LOC_BELIEF_GOD_OF_HEALING_DESCRIPTION">
			<Text>Increases Healing by +30 in your Holy Site district, or any adjacent tiles.</Text>
		</Row>
		<Row Tag="LOC_BELIEF_GOD_OF_WAR_DESCRIPTION">
			<Text>Bonus [ICON_Faith] Faith equal to 50% of the strength of each combat unit killed within 8 tiles of a Holy Site district. (on Standard Speed)</Text>
		</Row>
		<Row Tag="LOC_BELIEF_INITIATION_RITES_DESCRIPTION">
			<Text>+50 [ICON_Faith] Faith for each Barbarian Outpost cleared.</Text>
		</Row>
		<!--Pantheon - General Purpose-->
		<Row Tag="LOC_BELIEF_FERTILITY_RITES_DESCRIPTION">
			<Text>City growth rate is 10% higher.</Text>
		</Row>
		<Row Tag="LOC_BELIEF_RELIGIOUS_SETTLEMENTS_DESCRIPTION">
			<Text>Border expansion rate is 15% higher.</Text>
		</Row>
		<Row Tag="LOC_BELIEF_GODDESS_OF_THE_HARVEST_DESCRIPTION">
			<Text>Harvesting a resource or removing a feature receives [ICON_Faith] Faith equal to the other yield's quantity.</Text>
		</Row>
		<Row Tag="LOC_BELIEF_CITY_PATRON_GODDESS_DESCRIPTION">
			<Text>+25% [ICON_Production] Production toward districts in cities without a specialty district.</Text>
		</Row>
		<Row Tag="LOC_BELIEF_EARTH_GODDESS_DESCRIPTION">
			<Text>+1 Faith [ICON_Faith] from tiles with Charming or better Appeal.</Text>
		</Row>
		<!--2. WORSHIP BELIEFS-->
		<Row Tag="LOC_BELIEF_CATHEDRAL_DESCRIPTION">
			<Text>Allows construction of Cathedrals (+3 [ICON_Faith] Faith, 1 slot for religious art).</Text>
		</Row>
		<Row Tag="LOC_BELIEF_DAR_E_MEHR_DESCRIPTION">
			<Text>Allows construction of Dar-e Mehrs (+3 [ICON_Faith] Faith, +1 additional [ICON_FAITH] for each era since constructed or last repaired).</Text>
		</Row>
		<Row Tag="LOC_BELIEF_GURDWARA_DESCRIPTION">
			<Text>Allows construction of Gurdwaras (+3 [ICON_Faith] Faith, +2 [ICON_Food] Food).</Text>
		</Row>
		<Row Tag="LOC_BELIEF_MEETING_HOUSE_DESCRIPTION">
			<Text>Allows construction of Meeting Houses (+3 [ICON_Faith] Faith, +2 [ICON_Production] Production).</Text>
		</Row>
		<Row Tag="LOC_BELIEF_MOSQUE_DESCRIPTION">
			<Text>Allows construction of Mosques (+3 [ICON_Faith] Faith). Missionaries and Apostles +1 Spread.</Text>
		</Row>
		<Row Tag="LOC_BELIEF_PAGODA_DESCRIPTION">
			<Text>Allows construction of Pagodas (+3 [ICON_Faith] Faith, +1 [ICON_Housing] Housing).</Text>
		</Row>
		<Row Tag="LOC_BELIEF_STUPA_DESCRIPTION">
			<Text>Allows construction of Stupas (+3 [ICON_Faith] Faith, +1 [ICON_Amenities] Amenity).</Text>
		</Row>
		<Row Tag="LOC_BELIEF_SYNAGOGUE_DESCRIPTION">
			<Text>Allows construction of Synagogues (+5 [ICON_Faith] Faith).</Text>
		</Row>
		<Row Tag="LOC_BELIEF_WAT_DESCRIPTION">
			<Text>Allows construction of Wats (+3 [ICON_Faith] Faith, +2 [ICON_Science] Science).</Text>
		</Row>
		<!--3. FOLLOWER BELIEFS-->
		<Row Tag="LOC_BELIEF_CHORAL_MUSIC_DESCRIPTION">
			<Text>Shrines and Temples provide [ICON_Culture] Culture equal to their intrinsic [ICON_Faith] Faith output.</Text>
		</Row>
		<Row Tag="LOC_BELIEF_DIVINE_INSPIRATION_DESCRIPTION">
			<Text>All world wonders provide +4 [ICON_Faith] Faith.</Text>
		</Row>
		<Row Tag="LOC_BELIEF_FEED_THE_WORLD_DESCRIPTION">
			<Text>Shrines and Temples provide [ICON_Food] Food equal to their intrinsic [ICON_Faith] Faith output.</Text>
		</Row>
		<Row Tag="LOC_BELIEF_JESUIT_EDUCATION_DESCRIPTION">
			<Text>May purchase Campus and Theater Square district buildings with [ICON_Faith] Faith.</Text>
		</Row>
		<Row Tag="LOC_BELIEF_RELIQUARIES_DESCRIPTION">
			<Text>[ICON_GreatWork_Relic] Relics have triple yield of both [ICON_Faith] Faith and [ICON_Tourism] Tourism.</Text>
		</Row>
		<Row Tag="LOC_BELIEF_RELIGIOUS_COMMUNITY_DESCRIPTION">
			<Text>Shrines and Temples each provide +1 [ICON_Housing] Housing.</Text>
		</Row>
		<Row Tag="LOC_BELIEF_WARRIOR_MONKS_DESCRIPTION">
			<Text>Allows spending [ICON_Faith] Faith to train Warrior Monks, medieval land combat units with a unique promotion tree. May only be purchased in a city with a Temple in its Holy Site.</Text>
		</Row>
		<Row Tag="LOC_BELIEF_WORK_ETHIC_DESCRIPTION">
			<Text>+1% [ICON_Production] Production for each citizen following this religion in the city.</Text>
		</Row>
		<Row Tag="LOC_BELIEF_ZEN_MEDITATION_DESCRIPTION">
			<Text>+1 [ICON_Amenities] Amenity in cities with 2 specialty districts.</Text>
		</Row>
		<!--4. FOUNDER BELIEFS-->
		<Row Tag="LOC_BELIEF_CHURCH_PROPERTY_DESCRIPTION">
			<Text>+2 [ICON_Gold] Gold for each city following this Religion.</Text>
		</Row>
		<Row Tag="LOC_BELIEF_CROSS_CULTURAL_DIALOGUE_DESCRIPTION">
			<Text>+1 [ICON_Science] Science for every 5 followers of this Religion in other civilizations.</Text>
		</Row>
		<Row Tag="LOC_BELIEF_LAY_MINISTRY_DESCRIPTION">
			<Text>Each Holy Site or Theater Square district in a city following this Religion provides +1 [ICON_Faith] Faith or +1 [ICON_Culture] Culture respectively.</Text>
		</Row>
		<Row Tag="LOC_BELIEF_PAPAL_PRIMACY_DESCRIPTION">
			<Text>Type bonuses from city-states following your Religion are 50% more powerful.</Text>
		</Row>
		<Row Tag="LOC_BELIEF_PILGRIMAGE_DESCRIPTION">
			<Text>+2 [ICON_Faith] Faith for every city following this Religion in other civilizations and City-States.</Text>
		</Row>
		<Row Tag="LOC_BELIEF_RELIGIOUS_UNITY_DESCRIPTION">
			<Text>+1 [ICON_Envoy] Envoy at each City-State when it first adopts this Religion, in addition to any envoy from a City-State quest.</Text>
		</Row>
		<Row Tag="LOC_BELIEF_STEWARDSHIP_DESCRIPTION">
			<Text>Each Campus or Commercial Hub district in a city following this Religion provides +1 [ICON_Science] Science or +1 [ICON_Gold] Gold respectively.</Text>
		</Row>
		<Row Tag="LOC_BELIEF_TITHE_DESCRIPTION">
			<Text>+1 [ICON_Gold] Gold for every 4 followers of this Religion.</Text>
		</Row>
		<Row Tag="LOC_BELIEF_WORLD_CHURCH_DESCRIPTION">
			<Text>+1 [ICON_Culture] Culture for every 5 followers of this Religion in other civilizations.</Text>
		</Row>
		<!--5. ENHANCER BELIEFS-->
		<Row Tag="LOC_BELIEF_BURIAL_GROUNDS_DESCRIPTION">
			<Text>Culture Bomb adjacent tiles when completing a Holy Site.</Text>
		</Row>
		<Row Tag="LOC_BELIEF_DEFENDER_OF_FAITH_DESCRIPTION">
			<Text>Combat units gain +5 [ICON_Strength] Combat Strength when within the borders of friendly cities that follow this Religion.</Text>
		</Row>
		<Row Tag="LOC_BELIEF_HOLY_ORDER_DESCRIPTION">
			<Text>Missionaries and Apostles are 30% cheaper to purchase.</Text>
		</Row>
		<Row Tag="LOC_BELIEF_ITINERANT_PREACHERS_DESCRIPTION">
			<Text>Religion spreads to cities 30% further away.</Text>
		</Row>
		<Row Tag="LOC_BELIEF_JUST_WAR_DESCRIPTION">
			<Text>Combat units gain +10 [ICON_Strength] Combat Strength when within the borders of foreign cities that follow this Religion.</Text>
		</Row>
		<Row Tag="LOC_BELIEF_MISSIONARY_ZEAL_DESCRIPTION">
			<Text>Religious units ignore [ICON_Movement] Movement costs of terrain and features.</Text>
		</Row>
		<Row Tag="LOC_BELIEF_MONASTIC_ISOLATION_DESCRIPTION">
			<Text>Your Religion's pressure never drops due to losses in Theological Combat.</Text>
		</Row>
		<Row Tag="LOC_BELIEF_RELIGIOUS_COLONIZATION_DESCRIPTION">
			<Text>Cities start with this Religion in place if founded by a player who has this as their majority Religion.</Text>
		</Row>
		<Row Tag="LOC_BELIEF_SCRIPTURE_DESCRIPTION">
			<Text>Religious spread from adjacent city pressure is 25% stronger. Boosted to 50% once Printing is researched.</Text>
		</Row>
		<!--BELIEF COMBAT BONUSES-->
		<Row Tag="LOC_PROMOTION_DEFENDER_OF_FAITH_DESCRIPTION">
			<Text>+{1_Value} Defender of the Faith Belief</Text>
		</Row>
		<Row Tag="LOC_PROMOTION_JUST_WAR_DESCRIPTION">
			<Text>+{1_Value} Crusade Belief</Text>
		</Row>
		<Row Tag="LOC_CITY_BANNER_INCOMING_RELIGION_PRESSURE">
			<Text>Incoming pressure per turn</Text>
		</Row>
		<Row Tag="LOC_CITY_BANNER_OUTGOING_RELIGION_PRESSURE">
			<Text>Outgoing pressure per turn</Text>
		</Row>
		<Row Tag="LOC_CITY_BANNER_PREDOMINANT_RELIGION">
			<Text>{1_ReligionName} (Predominant)</Text>
		</Row>
		<Row Tag="LOC_CITY_BANNER_FOLLOWER_PRESSURE_TOOLTIP_HEADER">
			<Text>Followers / Total Pressure Received:</Text>
		</Row>
		<Row Tag="LOC_CITY_BANNER_FOLLOWER_PRESSURE_TOOLTIP">
			<Text>{1_ReligionName}:[NEWLINE]{2_Followers} Followers, {3_TotalPressure} pressure</Text>
		</Row>
	</BaseGameText>
</GameData>
