<?xml version="1.0" encoding="utf-8"?>
<GameData>
	<EnglishText>
		<Row Tag="LOC_RULERS_OF_CHINA_MOD_TITLE">
			<Text>Rulers of China Leader Pack</Text>
		</Row>
		<Row Tag="LOC_RULERS_OF_CHINA_MOD_TEASER">
			<Text>New Alternate Leaders - Yongle of China, Wu Zetian of China, and Qin (Unifier) of China</Text>
		</Row>
		<Row Tag="LOC_RULERS_OF_CHINA_MOD_DESCRIPTION">
			<Text>Contains 3 new alternative Leaders for existing Civilizations. Includes Yongle, Wu Zetian, and Qin (Unifier).</Text>
		</Row>
	</EnglishText>
</GameData>
